,0
Land of Lords - Original Mix,2eFEk7GTjeOzBPCQANBgeH
Adrenalizou - Le Dib Remix,6UpBu7o7s40j9OZ8iOrLXl
There's Nothing Holdin' Me Back,7JJmb5XwzOO8jgpou264Ml
Want to Want Me,41zXlQxzTi6cGAjpOXyLYH
Take Your Love,1lfjTOtTRUDkzcmahA4lcs
Just For A Moment (feat. Iselin),24FFOpCA6bc5YoU2F3TKqS
Kaisey Jiyun,1H5TcdTdMYvOfJ31SAA6H5
Selfish Girls,3y0tQ7b8FjoB8THX6LmJh5
Standing On All Threes,2G8XR0sPEMD62TxeOpGDdX
Meanin ',3BsaRV5QIulYz2lV9WWa8T
Cheerleader (feat. Nicky Jam) - Felix Jaehn Remix,1mnPNAxWN8MvWYsjHWpnnc
Sweet Dream - Steve Brian Remix,2CCSMn9LqAiAvPI3qyOyC5
You Say,5uCax9HTNlzGybIStD3vDh
Walk Me Home - R3HAB Remix,7wJFBZXG4AFQS9YwBQLkqL
In the Name of Love,23L5CiUhw2jV1OIMwthR3S
Find Love,5HsSsEeP3hU9QSfHZrzbtA
Cross Me,543bCW2ruMPmxUBWirQ3MR
Strangers,3P3pw6C19j31Rnzgo3JG7o
Work The Middle,2qJ2JpkBrTPFOifYX2QVc3
Boy With Luv (feat. Halsey),5KawlOMHjWeUjQtnuRs22c
You & Me,2afCBiru10AFckfOa49wIa
Try Everything,1N3dZ7TTWO6VcD4Y3hHYLZ
Lose Myself in You,5EIzFNEAgmXtxQJnm8sCjI
Aaftaab,4LtSTc3xANVhYeeN69nscM
The Weekend (feat. Luisa Sonza),7wADmXH41O8JQRf4SRgX4w
Serious (with Matthew Koma),1wjjc9SGlmzzXDI26gim3p
I Don't Care (with Justin Bieber),0hVXuCcriWRGvwMV1r5Yn9
Perfect,0tgVpDi06FyKpA1z0VMD4v
Concrete Angel,4dkSf57y4ySgLKXs4g5FfT
In My Blood,2QZ7WLBE8h2y1Y5Fb8RYbH
Sun Is Shining,4b2tcjrG1qUkSdsqEFP2dB
Tusa,7k4t7uLgtOxPwTpFmtJNTY
Summer Of '69 - MTV Unplugged Version,1OQpTtcuAauAqp5Okxtbs2
Someone You Loved,7qEHsqek33rTcFNT9PFqLf
Paris,72jbDTw1piOOj770jWNeaG
Backwards,47KPHu4xHBfZVAmjiGSAkA
Most Girls,10GJQkjRJcZhGTLagFOC62
When I Was Me - ShiShi Remix,6HoXpEnhzeDpz7gYgGaYF0
Surrender - Martin Jensen Remix,57YMEPQhEy5F5Q715mW0n8
No Money,6M6Tk58pQvABy6ru66dY3d
Age of Consent (New Order),0s1AJpOokiTy1UMG4D4iPn
Miss Me More,5KQn3B5Zvt6UtYKUuSAunX
"Mundiyan (From ""Baaghi 2"")",4FcG2PaCzN4YywWR9cluFs
One More Night,6cpk00i5TxCqSeqNi2HuIe
Kiss My Sadness Away,3RH5wzT6YFhVWWp7h3Uvaa
Tonight Tonight,3SipFlNddvL0XNZRLXvdZD
No Promises - Acoustic,1LKxHaLu3RG4xWO0DXZ8OU
Champagne & Sunshine,1H47LILEj9nGb74EPcZKWw
Dusk Till Dawn (feat. Sia) - Brooks Remix,799ZJmqIOCy589IzlTZ0Wy
Unloving You,21ms2KdWugFjU4x7SyA4nB
Overtones,3fZo9f1RF24iMVBaC6fAiA
Laung Laachi Title Track Remix,4dXPWDYXe9v6vivgn14nld
Havana (feat. Young Thug),1rfofaqEpACxVEHIZBJe6W
How You Love Me (Mike Williams Remix) - Mix Cut,2RTuT76OJ5rU5yPXcM8wdL
Midnight (feat. Liam Payne),4ZTTUAjJCd4NMZmIU7RB4c
Buddhu Sa Mann,1dxbiVeiV7nQ2V9qXnhJiB
Sakhiyaan,3sqRODOZ1Z6hR4F2tnFAlg
Shake It,0cqRj7pUJDkTCEsJkx8snD
like that,4EivmOT13NMpNSfTKn9p4s
Shoot Out,55Md5fnLfCpXzUATASy6Rk
Subha Hone Na De,6WediUhXDfm8FR3wlM0r3G
Breathe Without,3VHNuIXr0uRzVFsw6kNFPW
Shout Out to My Ex,1pwo8l3Ko7idwaz4LVUEC4
Let You Love Me,5Qjv35Ja2TDt9CXRRo51hh
I Miss Myself (with HRVY),5YkmS18BehACOhIIeUqe6l
Living Proof,4jFD7byoPdGkEdjHLMduR9
Call It What You Want,1GwMQaZz6Au3QLDbjbMdme
Heart Attack,1V6gIisPpYqgFeWbMLI0bA
Long Way Home,4RdZfdkgW1OmkajhvcOxA1
Nightmare,3GVkPk8mqxz0itaAriG1L7
Filling Shoes,5YSVdobiFNi3QKzLuGnCRS
Feel Me,6XXYdF6pJR1K3wKvuxmu7n
25 Hours,1oAMeG9XWoIHKG2nTAgTku
History,0HMjXBAZmSYOTTi33WpMso
Mizaaj,0PivOoKM1sECNTsZ7K6N3h
Devil Inside Me (feat. KARRA),6h7MPC2hBJHJQuobsRXqwF
Exhale,6CagMrZXJUdGGIw6Eaepos
Never Let You Go,7xyXsSD7ruRBvbeRqCcJzz
Without Me - ILLENIUM Remix,4bw3ZyWA1ui0Adu285NWDl
Let Me Down Slow (with R3HAB),42xSFiAvDBmDrm4O8Z6sWe
Wildest Dream,3fVnlF4pGqWI9flVENcT28
Love Is Madness (feat. Halsey),04CyO54TZk5tEylFg2Df41
Post Malone (feat. RANI),0qc4QlcCxVTGyShurEv1UU
Slow Dance (feat. Ava Max) - Sam Feldt Remix,2wenGTypSYHXl1sN1pNC7X
"Jeena Jeena (From ""Badlapur"")",6h09y5UH6sDRERJALlaJPi
The Voice Says (feat. Charlie Kim),05INdkUo3Fw9ojWbyuMOsR
Hold Me Close (feat. Ella Henderson),24aN8j7dBw0FxxKUBlCtd6
Mere Yaar,6wxm92a18bGEP5N4QusCIx
Champagne & Sunshine (Ellusive Remix),1H47LILEj9nGb74EPcZKWw
Overload - Acoustic Version,3iYdG6OoJUhby3vxlSFd4J
El Mismo Sol,7xDT7yowPTECPfHhGa8UJt
More Than You Know,6h5PAsRni4IRlxWr6uDPTP
This Feeling,4NBTZtAt1F13VvlSKe6KTl
Black Gasoline [Provi Remix],1qsexgIQui6hZ8tAGoEg4G
Intentions (feat. Quavo),4umIPjkehX1r7uhmGvXiSV
Used To Love (with Dean Lewis),7pWK1kMgHy5lNNiIfuRbkP
Love Again,5TbzAWWc5eJaANpA9kfGCd
Closure,05l7cyJvL9OTmwnRTFjYQ9
Rain On Me (with Ariana Grande),24ySl2hOPGCDcxBxFIqWBu
Make Me Yours,3G2O60rq5a77GEIwK1mVmh
Gasoline,2IO7yf562c1zLzpanal1DT
Cat & Dog,5cadLqAgl7Y9zX3lRWdsPK
Hold Me While You Wait - Steve Void Remix,5dy3WUywjZcalTno1io8TQ
All You Need To Know (feat. Calle Lehmann),4Gcv5SsxnQWpmOnUI19EJk
Until We Meet Again,6aXgxeYA03veaPyHHZQaj3
Illegal Weapon,5fXslGZPI5Cco6PKHzlSL3
Wake Up Alone,0dj1CtyRxZ4bnIT4Q20jNT
Purple Hat,0bGH7ezs7WdDwpqnsvGf1z
Dance Monkey,2XU0oxnq2qxCpomAAuJY8K
"10,000 Hours (with Justin Bieber)",2wrJq5XKLnmhRXHIAf9xBa
Panini,4SDgTLDYrJ2UrHbkRkg7MD
"Nachan Nu Jee Karda (From ""Angrezi Medium"")",2zQeAeH3q0K7U2AWEcVOsF
Sab Fade Jange,3WYqejjKyqTVa8FX5ZyMau
Moonlit Sky (with the Void Pacific Choir),7F6fM3HniG3sC4LAv5WZIl
"Raabta (Title Track) [From ""Raabta""]",4e9dIemIXO8Tzg0k4aWujk
"Kuch Dino Se Zindagi (From ""What the Folks Season 1"")",0TMuZd5C7t0XVHBcpFHeDD
When We Were Young,0cj2joJcY6b4XSRfj2eZOl
Don’t Give Up On Me Now (with Julie Bergan),46W9iEjOg5nkMvb6lo4Jwz
Pretend,05emejcDubPXW5TQv34QZH
None Of My Business,2SPEg45ZaUFJCg9GwNmRvw
Love Me Loud (feat. Aleesia),4TvTkhgS5O57dyAtJAK8ME
Blind,0VjIjW4GlUZAMYd2vXMi3b
Meant to Be (feat. Florida Georgia Line),4e4fqjx0Izh4svvTef1z7e
Remember (with ZOHARA),3aFxfpfeATHYg1n750dhgq
NOT SO BAD,0gzu5mm36VJH2Zqu8sQPTf
Hold Onto Me,0a45Bcf67CvGVCIaiydEzq
Dil Mere,6ZmtxXUXRVjxOhugKkmerC
몸매 Mommae (feat. Ugly Duck),4mwzUFtpBHJVyBs16YjjPN
Dancing On My Own - Acoustic,7tOAtB2F50KXEkw86frba6
1-800-273-8255,5tz69p7tJuGPeMGwNTxYuV
Now You Know,3uv74bJQCukadVWQsEbjhy
SOS (feat. Aloe Blacc),2x0RZdkZcD8QRI53XT4GI5
Try Me (feat. Jennifer Lopez & Matoma),3CsYb0TATXfF4sxkrYDiRD
Bad Habit,4hqOmrCCJKyiuwDexd8c2t
The Girl That's Underneath (feat. Jabbar Hakeem),6vzMM12p1XkbheVj39VVvT
Talking Body,7cgu4JBW3hq1GwTM1ilkKQ
Feel Again,5Uw7Dut2lZfexn3Y09swpf
Night Changes,5O2P9iiztwhomNh8xkR9lJ
Narcissist (feat. The 1975),4qjLvvBh5ZeKEPyShKRf06
Jaani Tera Naa,0LZA36VEmc6n0Y7X29zIgE
Castle on the Hill,6PCUP3dWmTjcTtXY02oFdT
Say Love,3cGMTR0B5zA3zQsVJjddtQ
Out Of The Woods,0qUnBLZ8bJqUNEeQgayL9t
Drugs & The Internet,4VM8y5Tx6UBxzfuLvYrhFf
SUGA's Interlude,5a0nHa7F4S9hb0Zi0zLS8w
Bad At Love,7y9iMe8SOB6z3NoHE2OfXl
My Life Is a Party - Ryan T. & Rick M. Radio Edit,1IDXuroj7pqZzrentmgh4H
This Love,0M98PvIvx7vZ8LDpzMw1hB
Tequila,12CxOlFAgfQTjmxUUuBRZ2
Sucker Punch,3CWuU5kIw8zsWJTcgreUwl
Makhna,0ZHILXmUaVSLEOCWxPQ1ga
head first,1nDOeWBfRKA5YNQ8bKWzMM
Almost Love,1yXFAwSMDZmX2ZyDLLyQ9s
Beautiful (feat. Camila Cabello),4VUwkH455At9kENOfzTqmF
1999,2jMFdQvxD4mCFoFixGgCCy
What A Man Gotta Do,4wNIkl5XGiAACjFBlDWuSd
Let It Be Me (feat. Ava Max),2F83FxNVkK6PPMHuYnwyVc
Crashing (feat. Bahari),17Efhyf4A96n0EFXKeB7Ya
Lean On (with Emiway Bantai),61eDLrQvquaTtZRnGFz9Kh
Obsessed,5EGPf0nqO7vEIwsOX6Er98
No Lie,45Egmo7icyopuzJN0oMEdk
Rumba Shumba,1n6urpNpcP0Q5z0Iiqxzm8
Humdard,1OEmd2iXU8pWG7CrKNpGUg
Forever (feat. Post Malone & Clever),2ZlCGeK30BLRNSPC832pNZ
Hold On (with Georgia Ku),5Cevkgj9FyNRFIwY3xSCn8
All I Ever Need,4BhqnM5lktowwfHqq2JYhg
Never Really Over,5PYQUBXc7NYeI1obMKSJK0
Jatt Ludhiyane Da,1fL14sJ7Dv1RTMYEnPx9Iw
MAMACITA,14wf185UxfNbSy8dwt4r4q
"Daaru Wargi (From ""Cheat India"")",2g7716S3UeyE6EVt0PklZU
Eyes Off You,1kbGCuCsD7ZhCOYkm8Bnts
Grandpa's Groove,3lomd0j6m22YDaHgc4aKXQ
Bhula Diya,4r8JqkhpTb5tzSKKHnVJIJ
"Photo (From ""Luka Chuppi"")",5wdlz4N7s1Xyr4y4RXhZJM
Home with You,0iwsQWgtjSq2kUXuZwTDAL
Just Hold On,3EmmCZoqpWOTY1g2GBwJoR
I'm God,6fenHIxXuuzKB55wY4WCHP
Ik Vaari Aa (Jubin Version),5DgwplsDLjLqLyQ6aarz1Q
Stickwitu,0NzhVgeMatXV0SyEnlvIwk
Phases,3je88Q4OvTqIx7BFRFYvRA
Everytime We Touch - Radio Edit,74PyndGWYtfs86n60lAsYW
Wait,6Q3K9gVUZRMZqZKrXovbM2
Lights Down Low,1sYSP7gKa5kdKIfhANfori
Rise,5ZSl6gDoV6bPPxzmLeneV9
Can't Stop Dancin',5NetSTs4dgiR6GLrZOQcwJ
Feel Good (feat. Daya),0Ev562zA4pmUsBqjxsxxdx
Burning Up (Fire),4z9gBZQjGS4QLb4LOvmeuA
Dear Society,0L1IszgjzIZRBENyHJTQms
Sorry Not Sorry,7gvd8xj4QgPqbQSsn5pV7d
Sugar (feat. Francesco Yates),5tf1VVWniHgryyumXyJM7w
One Last Time,7xoUc6faLbCqZO6fQEYprd
In Your Eyes (with Doja Cat) - Remix,0UnTaVkntyh3vqvLEvbpQx
All the Time,3OTSBoYKO7HzGVj8Bu2OH9
Out of Your Head,1m8Wqe48DorydWCbWzGZbZ
New Me - Joel Corry Remix,5yLJKKoZU2DOeRE1r6Cadb
Church Bells,67citk3uzWs5qbaIVKTeg8
Goodbye (feat. Nicki Minaj & Willy William),5Xn4IyTtW6FUGIUyWjbUHG
Tempted to Touch (8-Bit Zaeden feat. Rupee Emulation),55Hcu5ddqGa8bbQ4svnHRI
Hold on,5vjLSffimiIP26QG5WcN2K
Somebody To You,6VrLYoQKdhu1Jruei06t65
Your Side Of The Bed,3PWKPX3YJAHBL8JozsWTMC
Alone,0bMbDctzMmTyK2j74j3nF3
Kho Gaye Hum Kahan,6nZiYSBwPQ7fYnVWkkkj4g
Señorita,0TK2YIli7K1leLovkQiNik
Easier,2txofPPP3lkiNLTUUHeJHS
Boys Like You (feat. Iggy Azalea),73D9aoXt4vnm0QIkBDFzyP
I Just Can't,0qxtQ8rf3W1nId3D2r0xH4
First Love,64rL48E6xWMIXdpcFDEiB8
Rock Paper Scissors,0jX6dTvc8U8Nevz7XBYjzR
"No New Friends (feat. Sia, Diplo, and Labrinth)",6Dma0t0hOe6Bd6u5YRKF3n
Fuego,660eekzsNZ7sdATvfIsAkR
Run Away With Me - Cyril Hahn Remix,6GVId1FIv1pOeSeckXiUFI
Switch,5RtaXakZb43kF1Yj6IgRy7
Bom Diggy Diggy,6qCNaRRr5xJALfNJvh0NAw
Move Your Lakk,3aYMKdSitJeHUCZO8Wt6fw
Kaash,32IjXlRFxNtJ4eMhKAUrSX
Shape Of My Heart,35o9a4iAfLl5jRmqMX9c1D
Left Me Yet,6k2t5GhwOIKep31iyJ8S0L
Dreaming,6GyFP1nfCDB8lbD2bG0Hq9
Jealous,4L2K7JKseFCBoHMZEAszW0
Birthday Cake,4EfN6bixdOOgoLYR5C4cWo
Better Days - Mejores Días (with KHEA),0Y0xENhvytKvGEgEVd82D4
All Time Low,7qVjoGvjdOFfk3uKVhvZU9
Laung Gawacha Remix(Remix By Dj Shadow Dubai),0M88zg5JkrrGHLntVod6fG
Worst In Me,0Gm6yW9dqvWhBO8DQDiLHs
Cashmoney,5FYYGR9dUsN7qSbuKriwxO
Drop In the Ocean,5JDcQAztvZTIkrWoZihgvC
Teeth,26wLOs3ZuHJa2Ihhx6QIE6
In My Head,3bne7Qit5AbHkX6kWDItYP
Running Out,2H8LPaY3NSjmOFMH2Rygnz
Cannibal,3JTMWdhcJPiegDSe7SvZS3
boyfriend (with Social House),0Ryd8975WihbObpp5cPW1t
Boys Like You,2JtuQZHQAtNO13O8KLQSxE
"Nachle Na (From ""Dil Juunglee"")",2CLICDdOtQ06rBzIeij9l3
Youngblood,2iUXsYOEPhVqEBwsqP70rE
Aaoge Tum Kabhi,5VSJ9OfZx8V91A7u8Fuoh1
Without Me,5p7ujcrUXASCNwRaWNHR1C
What The Funk (feat. Danny Shah) - Steve Aoki Remix,11QPUoy6AH0POlX1RgrEsn
Don't Let Me Down,1i1fxkWeaMmKEB4T7zqbzK
All the Fucking Time,4taTrtJjCPpgr4cQR7WMnQ
"Take Me Home, Country Roads",1YYhDizHx7PnDhAhko6cDS
Get Up,4ZSaiwgBoJU8kizOaWhKuG
Get To Know You,3oiLlbBynuErymca4Dwp5H
Untameable,20axU6S5zq8dMpQBVZSCe3
"Rula Diya (From ""Batla House"")",6sTbnkzOtPpojgnn50cCHJ
Never Be The Same,4eWQlBRaTjPPUlzacqEeoQ
Remember You,7yws3pF3FFguwT2Psi6c15
Beautiful People (feat. Khalid),4evmHXcjt3bTUHD1cvny97
Pal Pal Dil Ke Paas- Title Track,7lGhrfren1Zpwh0ds0zuUg
Middle Of The Night,74vs7PD7iG2GnWUGnb8Yuq
Midnight Sun (with Ukiyo),6DGSMdJtEmxzu8JKjb62xI
On My Way,4n7jnSxVLd8QioibtTDBDq
Ex's & Oh's,70eDxAyAraNTiD6lx2ZEnH
kya karoon?,2nF4CJQfTfwft6TYVYLKiI
Be Kind (with Halsey),3Z8FwOEN59mRMxDCtb8N0A
Rumors,7wOqBOryVGD3nqDUihDSwL
Euphoria,3p6hnejEQYXkiTO1lAzVc0
Takeaway,3g0mEQx3NTanacLseoP0Gw
Body Back (feat. Maia Wright),1z1XegUChLLQfcbtIK8ABn
Reggaetón Lento (Remix),58gqyeFXhOttZW3yetJGPN
What I Like About You (feat. Theresa Rex),4NSW0Km5ZG60L8FthUebPJ
Titanium,4OQfIweaFWNTT5NkJ04txq
"fuck, i’m lonely - Ofenbach Remix",6TveqqtPQ9ejW45zi6FYCs
Let Me Love You,
BEACH WITH MY BIX,3HgTImJQaKLT4jCOsWjrJB
Million Ways,3wuR0YSNdT9rgWfFi1lctv
3005,2ZltjIqztEpZtafc8w0I9t
clementine,7ozvM98YyrdyOBh1lItVHc
Boom,3yHQKddM8SVCRnuPSo3HPN
Mad Love,2L2YNB3YIletW4fUtwphDv
Don’t Let Me Go,4b3khTm3ufGRTyZwuYdasn
AJs,32GjWvw1yc3EGx57tZj2YE
Wallah,0d4PvVcC2GxJoVm76a5GQH
Sunflower - Spider-Man: Into the Spider-Verse,
What Am I,0TMGV2zMZXOILVtQLtkI3G
tere bina - Acoustic,0wr1v0WSbEnmOm0B22yYHz
Higher,0rohJsT6NWsThpukt0Xxdc
ENERGY - Edit,4aKc2MyHPU4UWokPt0KAJn
Sugar - Originally performed by Robin Schulz and Francesco Yates,69NwD6JbLG6BwnHwNkWtw7
"Whenever, Wherever",2lnzGkdtDj5mtlcOW2yRtG
Bitter Love,4wOXx92SlZWxNtuBytlMsK
Good On You,3BMpJkaH1nSLqlw7Vr2THM
Back to the Start,3rAyyKRZMj6b77vebFgxKd
Complicated (feat. Kiiara),1Sl3njkhhz8nrSPZroDQ82
"Pyaar Tenu Karda Gabru (From ""Shubh Mangal Zyada Saavdhan"")",0OcVZqIer0LLu3K8sdU5Yb
Muevelo (feat. Wisin),5Ra1n0XZPneh64gdF3Jv0g
Came Here for Love,3kGfazcbVvVkuZunzlLgTD
Halka Halka,44O26Gv1wQrlUj14PpTolM
Anti-Everything,5d1fRO6RYAtbPPgbpSHnlA
Mai Terra Akshay,7d2sG1pIVaS7l243cNZkJc
LAST TEXT,6kxDBCC89zepQmxz1do8JP
One Life,4nVBt6MZDDP6tRVdQTgxJg
Never Go Back - Robin Schulz Remix,6vRCKJDtnrJEcyyzIMa0w0
Better For Ya,2T7a9qW9pTcNxOElLg3UE9
How Deep Is Your Love,22mek4IiqubGD9ctzxc69s
Fallin',4TnjEaWOeW0eKTKIEvJyCa
Bandey,6gwnKOvdBKkTU4CQ7KpIAu
Someone New,22sS7JkzeVeq4vOPCB6Fbj
Something Strange,2YNVpj4AfBb3HN1QTqEcVB
Rich Love (with Seeb),7dOeiXeTSfA1ixaYmQcWu7
Million Things,6JTIUgvuiVXzkVhs5CjvSs
Dusk Till Dawn - Radio Edit,1j4kHkkpqZRBwE0A4CN4Yv
Drunk Me - R3HAB Remix,3kwL8x4afaomYsX3d4cmPL
Too Far Gone,0s5ibKUNbISHnrBrx1o2nF
Home (feat. Bonn),4aTtHoSBB0CuQGA6vXBNyp
Light Me Up,0Zf1BPkkFAWGtVHeBwHHz4
11 Minutes (with Halsey feat. Travis Barker),4mGdjNMo0RonTlOEb7cYg4
Yeh Zindagi Hai,6IskNuvBwK8YzFrjvXIp5h
Marvelous (feat. Polo G),2zimS2mTANwlM34KEOebYC
Side FX (feat. The Game),3P1H9ISnoLR110TxqIji93
All Night - Acoustic,2Hi2tWANUXtd1URtLYgwne
Get Another Boyfriend,3nx5PkGa2sJyXVJzqE4eYM
Jo Tu Na Mila,6DefzsWqnwrFrmNVnJxWkS
Basement Party,4aJgVVpcUos92SAESRL2Si
Trouble - Mike Williams Remix,4ij8zkGQK0BzEegzNw4HBo
Another Place,2Fn4gZI3MAeWTiv7cSVxZQ
That's My Girl,2ACOWPLUe4A4KuQ5ioD2od
bad guy,2Fxmhks0bxGSBdJ92vM42m
c u next tuesday,484FfAR6a32EjIF8U5PVa1
Let Me Hold You (Turn Me On),3aLWuWKHaTV4Ok7LKvXRYn
Rescue Me,0mjAU3yKR1QnXnHtjGJqTM
The Weekend - Funk Wav Remix,0P6AWOA4LG1XOctzaVu5tt
F It Up,500mvzh7TRZ0YdnVeHhj8b
Somebody I'm Not,60dLzTKOP5Q37wThC9VVjB
Give Me Your Love,4WGu8MVUfPr8AdZfETALEq
i'm so tired... - MNEK remix,5xSsRAm13Pae693Ivd1Zuc
Bye Bye (feat. Ivy Adara),676eXXtx6I7yxaDfXvMpjK
As Long As I'm With You,7jvnuFfnuDjeRfIMdiW82y
Fiz Esse Som Pra Você,0tVIg8CTMN7QI4x0h0gLoE
All The Lies - Toby Romeo Remix Edit,79OZF08E93H5IYW1rTLtsy
Replay,4E5P1XyAFtrjpiIxkydly4
Na Na Na (Dulce Niña),6gJcpTt2GAXuBvJwUDCkOm
Perfect to Me,0DC7Zs2qvAbNK1owWQ4mlL
On Me (feat. Ava Max),7k6tAZp4m93oswrPqSfBbc
Chasing Colors (feat. Noah Cyrus),1VxogbO6bfygdfaCnE9oLb
Oh Ho Ho Ho (Remix),3F0I9AkbRwz12yz7Hxn0bF
Still New York,4txpZk7WSjV1dsZAw5WYcT
It Girl,4fINc8dnfcz7AdhFYVA4i7
Hands To Myself,3CJvmtWw2bJsudbAC5uCQk
Forever Young,4z9gBZQjGS4QLb4LOvmeuA
Close To Me (with Diplo) (feat. Swae Lee),5JEx7HbmvHQQswJCsoo9rA
You Know You Like It,57kR5SniQIbsbVoIjjOUDa
Invincible - Original Mix,3pjTUpj3ynq6DFlyAXslvi
Waka Waka (Esto Es Africa) - K-Mix,4DRFIoachXrW8YV7Yje0yz
Be Alright Forever,3YI60xTpgPbwXgXuwEaOzu
Hands off My Heart / Places You Go,3MO8BjfBXKGn3e3K9D0jix
Work from Home (feat. Ty Dolla $ign),4tCtwWceOPWzenK2HAIJSb
Ooh Girl (feat. A Boogie Wit da Hoodie),1mKNyZCNDueEASgBgZuLdA
We Are,44WLOqH7QayQOQdeUHeKUK
Gur Nalo Ishq Mitha - The Yoyo Remake,6YmRRCqSd6n4Qd3ziRfPSc
Medicine,5Zz8mrmVVhOq3iuv8Gh0MX
Let Me,2qxmye6gAegTMjLKEBoR3d
Body Back (feat. Maia Wright) - Deniz Koyu Remix,6D72WFltGvVYuHMzQocBEY
Save Tonight (feat. Solamay),2PWKdiDjYkkOdInPxGrP51
The Way God Made Me,0lBYERZJrPhu8gmgBxJrYZ
Burnin' Up,4z9gBZQjGS4QLb4LOvmeuA
Glad You Came,5yDL13y5giogKs2fSNf7sj
I Wanna Know (feat. Bea Miller),18W92Zm1KjLCbUIszOhpkD
"fuck, i'm lonely",09PGubKAMryhOWv1LHpCYz
Without You (feat. Sandro Cavazza),6Pgkp4qUoTmJIPn7ReaGxL
Young & Foolish,1WygPWqmNs4s2fxtjmtI3O
"Tere Naal Nachna (From ""Nawabzaade"")",5DIt4eq2D6CZjX1s5jwrnP
Body Say,7xrA11O07xo57Bbg6p4hck
Wake Up Call,2L9U729EooQi0PGlZPZiOz
Over You,4jvjzW7Hm0yK4LvvE0Paz9
Devil In Me,5VXfsQX2NYS9USmDgVyys0
I Don't Do Love Anymore,65SgMuyu8DvMBzLcE1D0sP
Hot Shower,00ko9WaS4jOX1kEk3gvHjf
Just Got Paid,0v3BMLcwUmAwyqJaf5997o
Leja Re,68iBMrMRc1rg4eAxJbvxch
sadder badder cooler,0T5eWUavIN647AcUFXfZve
Real Friends,5vnpANH92iEajvGwE2oQ6r
"Morni Banke (From ""Badhaai Ho"")",2Wu9PNpLUCBl3W1GaPqkhl
Bala - Original Mix,5nSH1TJNhEoagTneTmvqPG
Tonight (I Wish I Was Your Boy),7DmTaJoM7L020qm3egqNsM
Dura,6KuqAtoeVzxAYOaMveLNpH
Love Me Less (feat. Kim Petras),3BaqaNqlr2BAOgtmamDqSV
Ziddi Dil,0mACGvgvCcwjfJCPFLeabh
Passionfruit & Loyalty,0MVeo0vXePhq7HJ1ZMQ9Do
she's all yours,50p8v7PAXUBoD5MzoZdr9s
I Can’t Believe,5jnHZDEQg9a6tv8Ndp277s
WHAT IF YOU FELL IN LOVE?,1F8R7obiO1uGgcIoPvYL6L
Kamikaze,60SdxE8apGAxMiRrpbmLY0
Into You,7woND3TZisiEyZY6HQr0Zr
Naked,7krbSH3rd8lhIZvuzTV3Bl
Light It Up (with Tyga & Chris Brown),4Q8aDd3H6LF8t4eY7So9O8
Ghost,1TQXIltqoZ5XXyfCbAeSQQ
Issues - Alan Walker Remix,3abKAw6reL2U3vhAe98ZsY
Lola,6hkr5ZGVOt3Z2BNGE6yqpB
Blind Love,1kBM7AURqQTIXFePNVpEwP
85%,5teOR8KU4XNWY2WlVUDiIR
My Little Alien,5km3P1XyhHBednt9vS06Il
I Love You,62aP9fBQKYKxi7PDXwcUAS
"Chogada (From ""Loveyatri"")",4ymPEyiXabTe1NO8q8EFxG
Masterpiece,70ludZZEUJy1aFVkPI0Kpi
Tujhe Kitna Chahein Aur (Film Version),0mHU8dcIvGrGDazLMmQpSg
All For Love,5VGBgPVFO3e0lWz4WHYntQ
Truthfully,0hSfI42YEQacDi2bTwtQ6P
Hesitate,7fiFJADUcHwTdYLmnZeLAy
Make Us Never Happen,03ARE7xKtbCVV2GE5j0IWq
Indian Summer - Kasbo Remix,2hFD70XI1S5HeGxasMvgbY
Slow Dance,5FNS5Vj69AhRGJWjhrAd01
Only Want You - Recorded at Spotify Studios NYC,4GMhCoWv6oMahcxHwz0nlR
Big Plans,3eng6TJxpqjvDkxRpnfnhB
Hula Hoop,0wsXdby1T3PWLauIkGUZzg
Rave in the Grave,6Sf2YqGzNmVfSNpLFWuYbz
Beer:30,3jnQaDieHcTkkIrkJFIJvC
Shape of My Heart,35o9a4iAfLl5jRmqMX9c1D
Starlight (Could You Be Mine) - Radio Edit,47S7hRI0vwAOcruZKrxWHD
Who Says,3TcL0dyCMyr0kyTTc4NLgI
Kya Baat Ay,1ZaeaGLhFSckG8sv1y7AWk
Breathe,267nfLfaSSDa9ivHncHynh
"fuck, i'm lonely (with Anne-Marie)",09PGubKAMryhOWv1LHpCYz
Make You Believe In Love - AronChupa Remix,0CI8r4jOxMSWbNAk7B87hL
How You Love Me,6F2HTkV6IEBc2cSxagdWVf
Just Friends,7iNIg7XDEaYECfWD5dJ9Va
Need Somebody,1TPUbLdzpfgF7wrPEXIAAB
The Bones,1yTTMcUhL7rtz08Dsgb7Qb
"Ghungroo (From ""War"")",0WdbnNKO0Jt4BZACSDQh44
Symphony,1x5sYLZiu9r5E43kMlt9f8
Fast Car,1SN1vSPsr4V4tIUTR3s8YW
Connection,3T4UodGkfZObJ43RtA5KFU
Duniyaa,2tjWCe2W7sgvS3C8NHcdtI
"Coca Cola (From ""Luka Chuppi"")",352wEkChkiClswqwDoM0nj
For a Little,6AYsQnYU0jI7YEL4rGbCHK
World Turns Grey (feat. Princess Chelsea),7MOTWBAHHzaEU31Bn7iXwQ
High (& Dua Lipa),3dD9yyYTQ73SZvyOygyKva
Easy Love,732Sqj2piYPhdMPENP4axz
Somebody,7xbWAw3LMgRMn4omR5yVn3
Chapters,1bQhZOoXYqjXs7u7rFXo0h
Stay With Me,1POlsQls16ppLPVmr4FGLt
2002,2BgEsaKNfHUdlh97KmvFyo
She Wants Me Dead - CAZZETTE vs. AronChupa,
Bloodshot,0RjsxObqclok5pyah4SPoh
I Wanna Dance,2tUBqZG2AbRi7Q0BIrVrEj
Khudi,3Gc4zbfvgZSBEfpd0aWEFb
Moral of the Story,2nC3QhMI9reBIOWutbU3Tj
Devil Inside Me,6h7MPC2hBJHJQuobsRXqwF
Fire In My Soul,3KfbEIOC7YIv90FIfNSZpo
Kiss and Make Up,13hvHEstJ4sNbzdroPrPI3
Still Alive,74iEPVZvBMcYNCIEwEYWAZ
Nervous,0xG0SHshCStMEyNbNC5d4k
Don't Worry (feat. Aloe Blacc),0KwlzQaySxzPkt0nELecnx
"Tu Laung Main Elaachi (From ""Luka Chuppi"")",26jW5VxN63FEomoI3s2kM9
All My Friends,5Xq7KPZSONkhHx6DFTAbTz
Stupid Me,6qNB2ChCVPepl5ZjVJJTUW
Ban Ja Rani Remix(Remix By Dj Chetas),5HgYAIsUTZjFfToXALbdZA
I’m Ready (with Demi Lovato),1fipvP2zmef6vN2IwXfJhY
Theher Ja,00juIvfvPtZ0CfAMwEkHaV
Snapchat Story,5I35M1ruDXFzK63YCg7Ijw
Delicate,6NFyWDv5CjfwuzoCkw47Xf
Baarish Lete Aana,6Oq4lIhSSYdA6WuXU9sPeG
Nikle Currant - Remix,7I6RD5ZgPUEHacqYidMqzx
Alligator,6OfMguZO7yQBFquseyKVRm
Ghost (feat. Nikki Flores),79ooipPrqoaCRAZtckNbyt
tere bina,6N5WkgPIDoTdbCXyyIIKAv
Hope,2ZRo7axmMPeSVUvDbGkJah
Tumse Na Mila,0e7v4YuVg9EI6UcjY1iVPH
Candy (feat. Ryan Chambers),1nArmVH4322LPDTPFVaL68
Undress Rehearsal,1aPqexHVW20OTamBHdWWVL
Start Again (feat. Logic),1Nj2oBISdFDSF8eDuXcALz
Warrior,0Rg89qNyl84gZPTE9E34yO
Your Song,06dMdcA0NS0xc3ZR4DlWXR
Sooraj Dooba Hain,48pyUxg9RYuwie5M9R7qRn
Cake By The Ocean,5yq26cKb1MOpYqrBxUErDS
Die Young,7EQGXaVSyEDsCWKmUcfpLk
I Need You To Hate Me,1zY6ekSJ8VI6tZ6nBqoo7g
Mama Lover,2Jzf3Un2UUWyt4CvhNJ5Pg
Goodbyes (feat. Young Thug),0t3ZvGKlmYmVsDzBJAXK8C
Death of Me,2fh3bZ8jZhMxOcfESE9nQY
Does It Feel Like Falling (feat. Trinidad Cardona),3ZakaL0QEt5eeD3N7HbaN1
City Of The Lonely Hearts (feat. Cimo Fränkel),1I43CFxNJ5UWEiSrpiq1SE
Where Have You Gone (Anywhere),3zECQWhwAEydeK9jUTPamo
Ocean Breeze,63NvtfDogYya9xiEjPLzzz
Show Me Love - EDX Remix / Radio Edit,6PkzXU8dlwtfrwyTlUyVnv
Mama - Syn Cole Remix,3NFvv5bC6HWtxUftIBm8Qd
WHO DO U LOVE?,6YKCEtfZXXyionWJPtT5jb
Beautiful,42ydLwx4i5V49RXHOozJZq
Your Magazines,1mPhBlDYlxw4nDrbtt0kqu
The Weekend - AronChupa Remix,
Little Swing,66U0ASk1VHZsqIkpMjKX3B
I Wouldn't Know Any Better Than You,3K8tRD2Prik7FXbD8lZ6DC
Love on Me,1hCTxutVVYvggAQcUUUZAT
Rude,6RtPijgfPKROxEzTHNRiDp
Stack It Up (feat. A Boogie Wit da Hoodie),1xU2QZ40MY4Ex2pfczZa9U
Kaun Mera,4137w3YEeQSgz52qxyjxHR
Make A Promise (feat. Elle Vee),7kCgycosmwcfZJmbXRseEa
Aakhri Salaam,67mmy7Mhim6DmeFHHoqptH
Hola (feat. Maluma),6ayTAnEwP3Yo4DOjLsN5r2
Seventeen,6Upu6yjkdi0DVI8E3IBZEU
I Luv U (with R3HAB) - R3HAB VIP Remix,3wgHRiN7KQHoKGlUpEbXH2
Right Now,2VqAEP1yY5T523K7bZtL8a
Motivation,0rIAC4PXANcKmitJfoqmVm
Way Back In,2Zy7XVdxyZQB8xp5xbpJdl
Carry On - Nicky Romero Remix,4fK2NU9UyQJV74ZGiSVYsr
I Hate You I Love You & Too Good,7dAqs5Ce7WaIgUxRZN8Fjh
Fall,4TnjEaWOeW0eKTKIEvJyCa
Here With Me,5icOoE6VgqFKohjWWNp0Ac
Stay Young,2kLf4myxQME1Nd0voeKZri
Bad Chick,4OGeWgHHgWmnOllev6Q9hp
First Flight Home,2YgoKJe61QXy6oINjJvrsx
Don't Call Me Up - R3HAB Remix,0goj2jVaUvxQP2zsyt7Xol
"Taki Taki (feat. Selena Gomez, Ozuna & Cardi B)",0KoiMHhqKLoL4xM54rcWYY
Breaking All the Rules,2dY7cz6gsa8UrTYjhhvjAc
This Is What You Came For (feat. Rihanna),0azC730Exh71aQlOt9Zj3y
Now Or Never,7i2DJ88J7jQ8K7zqFX2fW8
Punching in the Dark,3zysdGd91RB2oMEkSQVYno
Try Not To Love You,4Dq75eGDLZGM9EGP0XHbo2
Abhi Kuch Dino Se,1QufGJee7k9v4Cfp2NxXbv
Hookah Bar,4AoQVhME8Ko6LNm4lV2wwQ
Cheerleader - Felix Jaehn Remix Radio Edit,7vFoFDWqTX0mHzLfrF1Cfy
Someone To You,7qEHsqek33rTcFNT9PFqLf
Stronger,4fzsfWzRhPawzqhX8Qt9F3
Not Ok - Frank Walker Remix,6VP3410weACXiPCVLKSkOb
FU4E,6C3MGasn7adPXHlE1z4NbV
Tip Toe (feat. French Montana),2z4pcBLQXF2BXKFvd0BuB6
Leave (feat. Kevin Garrett),2N3oHj0P6cN7FS6oNTqgNd
Cheerleader (feat. Kid Ink) - Felix Jaehn vs Salaam Remi Remix,73mE3nfR4jSuJMGHmcGOlp
Rebels,36qh3jgsWjKLDBTeBb3lWW
One Thing Right,4hPpVbbakQNv8YTHYaOJP4
Back To You,4hQ6UGyWQIGJmHSo0J88JW
Wasted Summer,6BuZX6myLU2B3ikhmMDPkQ
Need It,6mtjo5kIHKlboGE84lf1FJ
Yesterday,3BQHpFgAp4l80e1XslIjNI
Beautiful People (feat. Khalid) - NOTD Remix,6J7WMB5GII6pEOzy687jhO
Beach House,2bQhVQbV7VBzSOPo8mbkUR
OCEAN AWAY,6A8dnC0xkiuWN4BshmTB2I
Celos,33zcmmElV1YbRZe57biUjg
There You Are,155EsNGoXo7XSVF84oTPam
I Want You To Know,1JDIArrcepzWDTAWXdGYmP
"High Rated Gabru (From ""Nawabzaade"")",1ozrNv9W4KlprAmvgH0Yrq
Aaya Na Tu,3T0oPETOdddxJ2xTt2qJe4
Killing Time,0CqYZYOOHXl6uN1CTzx7mU
Hate Me (with Juice WRLD),6kls8cSlUyHW2BUOkDJIZE
Sucker,22vgEDb5hykfaTwLuskFGD
Jeet 2.0,6q8SiNY4DgtWLLVFHdbU3t
Beautiful Girl,25oOaleife6E2MIKmFkPvg
"Sanedo (From ""Made in China"")",0nelifxxjcih085mvTkDLy
Savage Love,1xQ6trAsedVPCdbtDAmk0c
TIME,67O8CWXxPsfz8orZVGMQwf
Heaven,1T575AhHueYinKSDflEsGK
Zipper,5NLcZBJbwDEq1p0zyd7gB8
"Jaane Na Dunga Kahin (From ""Never Kiss your Best Friend"")",3RarS3rfrwzwQVroRUdHiY
I Know You (feat. Bastille) - Vigiland Remix,1byydVLDAt7An5Pk3SuL5j
Я тебя не отдам,740PdoRIE6MARxEsiNIfBy
Post Malone (feat. RANI) - VIZE Remix,3mruwwpKfG5NYmnEr6O5Dw
Do It Again,72Bz4ciRZPBcVSw0nrZDHi
If You Fall,4ku7Z6C4A5C8c3zmkK2LXI
Back Up Plan,78Bm5b2vJuegmhaBrWFsl9
Fired Cuz I Was Late,3HitMfRilAZPRcv6Sx7WYI
Tick Tick Boom (feat. BygTwo3),16SmeUUNOaUTVjFFka3av1
Memories,2b8fOow8UzyDFAE27YhOZM
Chasing Fire - Robin Schulz Remix,7LR2nZOAmgApHf2q3m1WW0
"1, 2, 3 (feat. Jason Derulo & De La Ghetto)",4QtiVmuA88tPQiCOHZuQ5b
Memories (feat. Sirah) - Radio Edit,5drBLK41GUnnWt32JPlexx
Tonight,3SipFlNddvL0XNZRLXvdZD
Into You - Acoustic Version,4pgX15KGFNTHQFZg7GL3n8
no tears left to cry,2qT1uLXPVPzGgFOx4jtEuo
More Than OK (with Clara Mae),4ytuVPmWWoygY5zRsD7d45
Summer Feelings (feat. Charlie Puth),49dFIRQCQxPWgoH0m38XQ5
Day Dreaming,2JRLoT6z48Pfihyj1s1u77
Just My Type,29VLdEqFvd0l4JFscCnrp7
There's No Way - Alle Farben Remix,51Z2RLhvkeMAtbOEka009G
Traffic Lights,56IpyoLyX6sc3YKRtQKAp8
Together,1Srt81FTalOhRw7t7l8Yh8
Home,22O2Zdfj3jnJZDSzlDMAJp
Young Dumb & Broke,5Z3GHaZ6ec9bsiI5BenrbY
Laxed - Siren Beat,3BJiF37kmX4HCfYSO7qBnQ
Buttabomma - Telugu,0dnDTvdUco2UbaBjUtPxNS
Call You Mine,2oejEp50ZzPuQTQ6v54Evp
Baarish,16BGhwv8wYXkv2mMJF7ryv
Play,4DpNNXFMMxQEKl7r0ykkWA
Longer Than I Thought (feat. Joe Jonas),1hPwlWlrGzcavwBCcS2gDD
Sau Aasmaan,0zHZSO80CTxNtvtRhveHRJ
Brighter Than The Sun,5YTtTbqxUzJHD3CpbNHerP
Love Mashup 2015 (By DJ Chetas),7p5uzwVPw0XJmtZSmrsQ8P
"Back to Life - from ""Bumblebee""",16geeCnXrbiomV1IZ8Kudc
Catch & Release - Deepend Remix,11BAVEGi1ivJ6JWLqKUNrZ
Colors,1TnUURhehaoMWKAqQtirm6
Heroes (we could be),3zU9rdflI65tK4dkkNSp77
Choo Lo,2qgXrzJsry4KgYoJCpuaul
You Need To Calm Down,6RRNNciQGZEXnqk8SQ9yv5
Light It Up,500mvzh7TRZ0YdnVeHhj8b
Back 2 U (feat. WALK THE MOON),5deDWZeDHWfYk9xaq9ynh4
Loca,10Hks1iBOnKIIhouOI4rrk
Fire N Gold,7IJyNRUZlKJJn9BfBBUgzh
I Wanna Know - Acoustic,78dhp5G3n3KbA2ThlSkl2b
Despacito,6habFhsOp2NvshLv26DqMb
I Love My Friends,1oPpiUmhXq0MiyZHlkD0xp
Suit Suit,2mwBSO58y92EYmEFpDfmS7
Saara India,46GBoFCdFZZSjuGaZjZmGv
I Like It,39vrbjCMTRXEdiIr2IsBgd
All the Time - Don Diablo Remix,1z1Hg7Vb0AhHDiEmnDE79l
This Love Isn't Crazy,03o4HPzUwftpgAPNQSuaBS
I'm an Albatraoz,5MhsZlmKJG6X5kTHkdwC4B
No Promises (feat. Demi Lovato),1louJpMmzEicAn7lzDalPW
Kids In The Moonlight,0YggfEwSDFCLuWouM81fnN
Palm Blvd,5ZPSlFfENe3JkmwMiEXzqt
Yeh Mi Na (feat. Emil Ernebro) - Club Mix,5Pcjasvjf3GyJcKHz1B7j0
Lahore - Remix(Remix By Dj Shadow Dubai),0vaUU4wnvR6VdlUGpQaHew
Born To Be Yours,0kHyKhJMukHEPfeh8s7rdM
Bad Water,6GaFUMG9opnMytdc0lwnQw
Lover,1dGr1c8CrMLDpV6mPbImSI
Can't Help Falling in Love,44AyOl4qVkzS48vBsbNXaC
Hold The Line (feat. A R I Z O N A),6EBlOYNcZ8MrdEov9lEdV6
Better When You're Gone,4Tvw0lweq9l2JPQKFbpbBQ
Self Love,0wk4GYAryLcXEMvfhzU1bv
Don't Let Them,0IS8n5zMLsZxbTPjghaqgW
Tareefan - Original,6fTEiqvwttauVDmDmDwD2T
Too Good At Goodbyes,1mXVgsBdtIVeCLJnSnmtdV
Land in Your Lap,2GAcqh3v18KvWyjTzmk183
Escape (The Pina Colada Song),5IMtdHjJ1OtkxbGe4zfUxQ
With You,1TQXIltqoZ5XXyfCbAeSQQ
7 rings,6ocbgoVGwYJhOv1GgI9NsF
Wolves,0tBbt8CrmxbjRP0pueQkyU
Lalla Lalla Lori,22WubMzx5mkCAHZHvInkpH
What It Is,5gC5GY6XzSzrzSByUpOBUc
Lullaby - GATTÜSO Remix,0D2GrOxDYUSEO5lPBBiQ3v
NOBODY ELSE,3kPehpAFW5keiaMoEWWKA2
Bruises,4Of7rzpRpV1mWRbhp5rAqG
Beautiful Life - GATTÜSO Remix,2o0wnU32TIXI3dfH9rdkEK
Sleep Talking,09CWfcYFhVhB1Bzfz1cLJ7
Can't Bring Me Down,6MKqEvedCtQevXF4YGWaVC
Strip That Down (feat. Quavo),29JrmE89KgRyCxBIzq2Ocw
Despacito/I'm The One - Mashup,4heyLRfAnfVxMLnsqQyB6X
"Crazy Habibi Vs Decent Munda (From ""Arjun Patiala"")",7yy3HgKJEcwArL5k0v5rhF
Ruin My Life,5tAa8Uaqr4VvA3693mbIhU
Heartbreak - Dzeko Remix,335lj2jqYng7RVwDB4dB55
Lullaby,5O0xcHFDqGGYcaSj22qlV7
Ok Without You,7GvzyeeBMoDlC9OziuPMQQ
Can't Help Myself,64UQKc7huxeIY227ELVYMp
Prada,6NLzzwFbAD1imLXGBMj9jo
Wine Pon You (feat. Konshens),2s4AcE9n80mSHl87lp4gIm
Summer Air,2uBQlIpLDTR8zbCjxtqOJ7
Just Like You,5IF6IBPqbclVR7SQKmCIyA
Yeh Baby,6NmGIj2leVHRKkHEGyechJ
Quit You (feat. Tinashe),4GJAd1nBylAEbw1dZDVzEQ
Written in the Scars,4jyVtsexyS1kY6X3X3gmAw
Better in the Morning,1waBeOYyySmYMLsgCB3aVh
Lamb's Wool,7egu63DOhNpivWOpGtzqGS
Burn,4z9gBZQjGS4QLb4LOvmeuA
Damn Gurl,3e9QBr8e7kuLrBVqfIterJ
Daylight,1fzAuUVbzlhZ1lJAx9PtY6
Simple Thing,4PuUa8e5s7P3Zv1IdCGIsa
Cut To The Feeling,6EJiVf7U0p1BBfs0qqeb1f
Ready,1fipvP2zmef6vN2IwXfJhY
Humans (Let Me Love You),1IB1GFSTgmeecjscmAJ0lW
Crash Into Me,0cU7itQsrmLK0nggvYc8jM
Unbreakable (feat. Miracle),7hd6sxfe8CHROWx1Wr0yAN
Question,2ohNI4Yi9uHBhm9ff0KK9V
Lighthouse,4AM3fxgUBkEUO6xScrmB9a
Ain't Your Mama,2hgzdQdnfWwtdpZbhZlV72
Dancing With A Stranger (With Normani) - Cheat Codes Remix,0GfS3y8Jd7SHWd9R51s7Fo
Yeah,1VGzxJnVQND7Cg5H5wGj14
Lonely,4nK5YrxbMGZstTLbvj6Gxw
Khairiyat,5O932cZmzOZGOGZz9RHx20
Billboard,7IEgvGUnWQLFLbuJYiAJAx
Always On Your Mind,7bnSef3wDeScwpddKLBeZB
Consejo de Amor,3za3hxbolwmy9AeUpWzuRE
Koka,4H2wyTfSobQHsVnt2JYPMf
Lose You to Love Me,4l0Mvzj72xxOpRrp6h8nHi
Fergalicious,3n3xsVWyXcthiDcWXHbnfq
Scars To Your Beautiful,42ydLwx4i5V49RXHOozJZq
The Reason Why,0jZO7p0nBUi9VHedWUBS9l
Distraction,5P1D0oMyvlSVaoBUR15wsY
Brother (feat. Gavin DeGraw),62M9yafZsSRzlsphzeJPGo
AH YEAH,6BKOhvRPY54uvfqWwg7MKi
Collide,5rwq6R0Uq0BngM3rdmCeNg
Sweet but Psycho,25sgk305KZfyuqVBQIahim
Falling Like Stars,15xWRPHQMeqgdkGzInx3PY
Deep,3hkC9EHFZNQPXrtl8WPHnX
Only Want You (Sam Feldt Remix),6uxyKRxjUnuNufdoKk0qML
All Into Nothing,6KQxGfOdjHMh5wT15t0gJj
Never Say Never,5GYbkDveRD2I8M5ZJ14hWn
Fursat,1pQS8KQd8fj2KRjnYBk0RD
"Duniyaa (From ""Luka Chuppi"")",2tjWCe2W7sgvS3C8NHcdtI
I Found You,6PaTvPrElWv0IitxISG5Wj
I Wanna Know,5FVd6KXrgO9B3JPmC8OPst
Karma,5ZVujHtwnsqFJvLnqRSdch
it's not u it's me,7cLm450e9XaPrEZTSTsfwU
Pepeta,5a8j5OD7qFql7c8Buy8dm6
Lado Rani (feat. Mandy Takhar),3lAxhs8LUNu9LCliMSvi4p
TOOTIMETOOTIMETOOTIME,33DzKnwuBE6lfOiADwzd5E
Harder (with Bebe Rexha),5RgBnDtHKFHgtVdqabjGE3
Only When It Rains,3ccIZSRn5I2zcWkpdO9gZB
"Dil Royi Jaye (From ""De De Pyaar De"")",4TADw9oW8H90ZK1NsEDYyz
Electricity (with Dua Lipa),5N4erncE7kuUccm7zEmwzk
Red Dress,1MDuXjpO68UVjbBzrTL1Aq
I Know A Place,25ScmRjdUWeTd6lfGpvvOn
"Don't Be Shy Again (From ""Bala"")",2TbCdbFzs2xO2nzasn0Qvw
Lie To Me (feat. Julia Michaels),6GzApXoBQiiAjak3tOQfV3
Polaroid - R3HAB Remix,3LsNRAL1hRtl3gMTJz2NPN
Look What You Made Me Do,1P17dC1amhFzptugyAO7Il
Getaway,0VE4kBnHJUgtMf0dy6DRmW
"Sit Still, Look Pretty",2DpCdPMg1BADE4HDnxt3Rd
Find U Again (feat. Camila Cabello),1HpzOCZbNWzxvvXfSGtSrX
WAIT FOR YOU,1fWtoWbUblZVuQeswG76dQ
Whatever It Takes,6Qn5zhYkTa37e91HC1D7lb
Psychopath - Recorded at Spotify Studios NYC,3dBE30R12dDxc1jBDaqmo3
"O Saki Saki (From ""Batla House"")",4cFwhwH5ydnHgB0Tv3lZsm
Bem Melhor - KVSH Remix,76m2MiAKQvoHsgvwRDPXx5
Insomnia,7hzlzoOwCZ4D3Ow5YZK4kj
Darkside,6SRWhUJcD2YKahCwHavz3X
Thumka,7sw49gd22TmoSW3sMGuHbn
God Is A Dancer - Toby Green Remix,33qlBuVjeSlvQ4KNzvG9ai
Naked - CADE Remix,0w2CIOs32MeHgUOVgAsDt8
Be Okay (with HRVY),3RgQFleuuQKcCmig9ItyxQ
Dance Like We're Making Love,3biFdxByHgUhTbp2dG89zK
Broken Hearts,5t3Vk8bRKylx4fjj7qlbib
Back To You - From 13 Reasons Why – Season 2 Soundtrack,4hQ6UGyWQIGJmHSo0J88JW
Shades Of Grey - Radio Mix,0NhcaHA0cyJyhk3g8tUsZP
Falling Like The Stars,15xWRPHQMeqgdkGzInx3PY
Turn It Up,1ivuWgxFQb2xzxVNSlB1hF
Your Body,4lO27Ds7iRjTjHDn2qiqsN
Hyperspace,1JQ3QQ79MUuWcJ90l5PjKE
"Jai Jai Shivshankar (From ""War"")",6lfSsCL894Qw15xbt7cSUy
Dancing With A Stranger (with Normani),6Qs4SXO9dwPj5GKvVOv8Ki
"thank u, next",6ocbgoVGwYJhOv1GgI9NsF
Nevada,02shCNmb6IvgB5jLqKjtkK
Finding Our Way,0Uc2Bg05ybIP7eMu2U73O5
I Knew You Were Trouble.,6FB3v4YcR57y4tXFcdxI1E
Good Things Fall Apart (with Jon Bellion),6pooRNiLyYpxZeIA5kJ5EX
Chasing Fire,5cuR3p2GCMceFXMZSOANqk
Tempted To Touch (feat. Rupee),1raJLuHKTmc3au4fC2pmRm
Keep You Mine,0OJN2A3Qyvd7pwSF0AIteC
First Time - Disco Fries Remix,7FcT9XALvaUrqYm96ubb3b
So Yesterday,34x6hEJgGAOQvmlMql5Ige
Steal Your Heart - Unplugged Version,40Ogxs02kMCBNJCvJ2f7vF
Tenu Na Bol Pawaan,5mp7og60TpyNiKi2p9Morw
Walks Like Rihanna,4i1yHB5Q9PhtWlWCplG3u5
Shelter (Mix Cut) - Yoel Lewis Remix,1fN2cemf6ByT2WKqtumwR5
All Cried Out (feat. Alex Newell) - Radio Edit,2wGPgcbOHaP8UMe24G3oKS
I Miss You,1tF7RL54zjHSy0N2qEQLDY
One At A Time (with T-Pain),19o0uUuUQpS0fmBFmrCI3R
Call Me When You Need Me,0F5Lot47g7W5vSdQOMgFbI
Easier - Seeb Remix,6GIRtKNXokeu25nn7U6Hu8
If I Can't Have You,6LsAAHotRLMOHfCsSfYCsz
Him & I (with Halsey),5k38wzpLb15YgncyWdTZE4
The Ocean (feat. Shy Martin),2CPqh63wRVscbceKcPxwvv
Don't Cha,06KyNuuMOX1ROXRhj787tj
Eastside (with Halsey & Khalid),0d2iYfpKoM0QCKvcLCkBao
kya karoon? - acoustic,4u6Ht8jSYvko3pO9hkoEZf
I Miss Myself - R3HAB Remix,3N9YuL395rE4qNyHMsvOWC
Kiss Me,3RarS3rfrwzwQVroRUdHiY
Lehanga,1IDj8MLzpNTjhGyj5F0H5g
Touch,2xyIwHKujL7tSgkK2Waj2s
Uff Teri Adaa,0og9wKFGgFFNQnrBe7eisG
Feel Something Good,4JuJZzGcswQszYiKJSnC6i
God Is A Dancer (with Mabel),6fenHIxXuuzKB55wY4WCHP
Rest of Our Life,19P6cJstaoQJHtHW3HOGcg
Intoxicated - Radio Edit,2RhKxrhti1jd1Krzh968Cb
Money,3lWzVNe1yFZlkeBBzUuZYu
I Found A Girl,7I8EGPtqTwlC0UlCAkpYtP
Wanna Be Me,7ykvNYU0drJjY06ZPB2Y4V
Take Me Back Again,0XoYEsomOTiWoPEQg7FGAf
Hips Don't Lie (feat. Wyclef Jean),3ZFTkvIE7kyPt6Nu3PEa7V
Bad Girls (Gigamesh Remix),6q2fVOtgwrKTM7ETDVIgXu
The Only Way Is Up - Radio Edit,0uvFFLI3Z6zidLLUsHDVVk
I Want You,41zXlQxzTi6cGAjpOXyLYH
On Our Own,1FR7sSXjt4lCN965GvR5ym
Woke Up Late (feat. Hailee Steinfeld),4oPWkP9zQ5ANBbfdHGOvKF
Forever,58wyJLv6yH1La9NIZPl3ne
Hold My Hand,0pCyoA5o2uxUwIovECCziF
Wherever You Go,4H0iUwnJaY9Ev07IP6DW5j
Using (with Emily Warren) - Syn Cole Remix,7HnSY7CAnw7FgiSiwVILiz
Give into Me,3TGUpyzyvQM3SMtzkN2Vj6
Love Me Less (feat. Quinn XCII),2tOOcDDYkh0PSjr6GwPEAJ
Liar,2RSHsoi04658QL5xgQVov3
Happy Now,4keoy2fqgwGnbWlm3ZVZFa
Hawayein,0l6g8Z8mqGbGXFOjigYetD
Lay It On Me (feat. Keiynan Lonsdale),14oTuzcNwzAsBqzv5NRv6U
Love Me Again,5TbzAWWc5eJaANpA9kfGCd
Roots,7KHz9ozYcZfGMn5IQxsy33
Nothing,7JJmb5XwzOO8jgpou264Ml
I'm a Mess,04ZTP5KsCypmtCmQg5tH9R
Release Me,1GEBsLDvJGw7kviySRI6GX
Sawarne Lage,7E4sdzJDrVMu8qcwyxz3vP
All Around The World (La La La),2xyIwHKujL7tSgkK2Waj2s
Sexual,0r6b45jIxQGsaWU4t6OMol
Womanizer,4fixebDZAVToLbUCuEloa2
Shape of You & Mercy,4dRx1OeE501PKfymBGEFRw
IDGAF,76cy1WJvNGJTj78UqeA5zr
Better Than This,4C9vj27DpAsIwkhOZt2mCa
Make Up (feat. Ava Max),2s4fNa1Rqam7rGCSn9Gj1j
Hey Ma (with Pitbull & J Balvin feat. Camila Cabello) - Spanish Version,6DRGwsUFQrNerxRexK7KMB
Haaye Oye (feat. Jonita Gandhi) - Acoustic,1BhSi08CUIUFVtssXJHr6C
I Love Me,62aP9fBQKYKxi7PDXwcUAS
Lush Life,1rIKgCH4H52lrvDcz50hS8
White Noise (R3hab Remix),7dpnZJj7ITXcnmbmLIdEqs
85% - GOLDHOUSE Remix,0OUC0kWsQ3B99MspZfLaVy
Don't Let Me Down (feat. Daya),1i1fxkWeaMmKEB4T7zqbzK
Quite Miss Home - Steve Void Remix,7p4jpmyBnOpqQ3rSGJzZ7w
Proud,1nyHIaNtThYp6zUQh7aCaJ
Alibi (Far Out Remix),144VylfhBHydi2xvqy9yw6
Capital Letters,6l0Ky2PycJV1Bz88kFeVGL
Swalla (feat. Nicki Minaj & Ty Dolla $ign),6kex4EBAj0WHXDKZMEJaaF
Where Do I Go from Here?,5RGYTiIYBst4n6hm6Wgtp6
Beautiful Disaster,5mqjkbTgyEzxTQOArWTOs6
Stupid Love,2kJu14V7hbZw3I4K8L8SXb
If It Ain't Love,5YHR8wBR5jXfGtP766NiAT
Azurita,4ElyVYRyhwn8dcVc8RBU9M
Lies (feat. Luciana),0CNObSo2AxRZS47CGz755m
Find the Light,0xRRhkw7naNriffhOSC7l7
Found Love (feat. Lovespeake),7EHCt2jdVwHp557sfMPosf
Way Back Home (feat. Conor Maynard) - Sam Feldt Edit,1ZLrDPgR7mvuTco3rQK8Pk
Say It Again,0iBOGfVW1T08dRqtqnMYK0
Échame La Culpa,0mlAOSILGRys2IbvyOT5VJ
i'm so tired...,4vjpLMyL3ZO6aphdYr8XYw
Jeet,4ye8U0982eHtlhlvePpxtP
Dust in the Wind,6zeE5tKyr8Nu882DQhhSQI
Entirety - Galantis Remix,2VjaadkiZuKyLkZYhl6ZRJ
Young Love,1QKgh2Wqbsww8KtmSBwaIf
Roll The Dice,49VNaZmTsmjCVfI31OIaAS
Runway,1Ty5MMTSIbt1roKrJW8vEK
Unbreakable,3vOmmLuvEUgGaVuRsCs2QF
Rockin - Original Mix,07u9QxuA86mnUHMc8fqEAk
Need Your Love (with Noah Kahan),1vsQb8n0icvMsFnL9663LM
Runaway,1v1oIWf2Xgh54kIWuKsDf6
16 Steps,7v3MkCal9v1Bw0N31X33qA
Love You Like A Love Song,0laYHRpNTS6i8FXdupHkJ4
Bas Yahan,4B5LQW1ydseberjELe4rrd
Left to Right,6J6e0hfRgT1sh3MBEdzIzD
Cheerleader (Felix Jaehn Remix) - Radio Edit,7vFoFDWqTX0mHzLfrF1Cfy
Shameless,3UYiU57SMiAS5LqolhHJw1
The One Thing I Could Lose,44hrepBQ48ThXarFuwcmbn
You should be sad,7lidXGPXPYLNThITAOTlkK
Fuqboi,2C3dOmuQnOb28WVPvIToWQ
Headlights (feat. Ilsey),0tDC3KJPPu5eonGTtCURpq
I Feel The Love,23tJmuwvUOa2kTsOlNMWCS
South of the Border (feat. Camila Cabello & Cardi B),4vUmTMuQqjdnvlZmAH61Qk
Bass Drop,6RPPG5hOOZfkipB9OXrPog
Kings & Queens,76nqCfJOcFFWBJN32PAksn
Turn,67awxiNHNyjMXhVgsHuIrs
Don't Give Up On Me Now - MOTi & Terry McLove Remix,3CpBmYXcWMN0hJq4EncDW1
Killer,5u6vkDnOyaf8LsteDAj2ub
Walls Could Talk,5ln5yQdUywVbf8HhFsOcd6
Wild Wild Son,37f4ITSlgPX81ad2EvmVQr
Hard,3nrxsQEntBXdY5JoqA39ES
Fly,0hTrQoqDmFnA4S1PC265e1
Mistakes,4zCEJUxsW73s2sIIoM4SLC
Ki Kehna (feat. R3HAB),3a9AXyLB5KpcouPstVfXvb
Last Hurrah,0i0wnv9UoFdZ5MfuFGQzMy
On the Inside (feat. 21 Savage),5ZHbT8BXYY7Gq9S5HURfwV
Man in the Mirror,1kiNatIrwDusOZfR29W0LJ
Clarity,60wwxj6Dd9NJlirf84wr2c
Shake It Off,0cqRj7pUJDkTCEsJkx8snD
True Colors (feat. Maya Avedis),4AMY0oGSt7vZwgxDnHCJBr
Sugar,6UelLqGlWMcVH1E5c4H7lY
Friends & Unforgettable,26fafPj8LOVGHtabqQBW0F
Strange Love,76c4KOymiPUkWEeIIc0DQr
Chittiyaan Kalaiyaan,6XjJXPP3UiGtAQpYkD01c0
Kalla Sohna Nai,4yurVSNjaPBKkOpbZWtuJO
It Could Be,50kciHpxC7QyJQujF2LUiF
Wild Heart,78a5CHuPIXYlPYVQIjH9nc
Seasons (feat. OMI),3xmmKCqEPNloZT9myIx0Hn
Saturday Saturday,7MvQQGqYE4r0ucTarmI2Gr
3AM,6xRNqXP3baPR9buXr8vreM
Just The Same,3xPZKgZeIPb8vHa1UJH5Rz
Fighter,4oPBOMY6EdR2qAeyG28ZcJ
This Is Our Time (Agora é a nossa hora),43bhIfqX7Q8EHlC1uZwwvY
Back Together,0VwNdo84DaVYLIkbVO86ND
Sorry Song,6RnFfNQik3Cq6vrmifPMlA
"Jab Tak (From ""M.S.Dhoni - The Untold Story"")",6tkl6rjuXWtVOCaXSSSCz2
Me 4 U,7vFoFDWqTX0mHzLfrF1Cfy
We’re The Same‬‬,4rJcxFOljjd2sqfgIjksTI
WHO DO U LOVE? (feat. French Montana),4koDrJbYxIlcDY4gu2a4I8
Hidden Treasures,0LbK1bodGLc9xmV1cS9jvL
BAD!,0gzu5mm36VJH2Zqu8sQPTf
Another Life,0AOEd0Zw22aTE8LzsS4EMg
"Dheeme Dheeme (From ""Pati Patni Aur Woh"")",7ofWUKeNCUw1P64ArIwG9b
Beauty Queen,6LGymG7t5PyHzZBnoHMsby
17,7m9OqQk4RVRkw9JJdeAw96
Firestone (feat. Conrad Sewell),1I8tHoNBFTuoJAlh4hfVVE
Fakira,3gCljMiGFfcum5sOHTMfwZ
Chase The Summer (feat. Jeremih),5GMEETe0kCYbqo3dBsBbw9
Waste It On Me,66XDf77gBcfQKi4I2vIbTj
Selfish - M-22 Remix,3Id3L39kmlEZCgSrfOtKwQ
Lehenga,30OKQzydaqQLsnu3VA6uN0
I Love It,6MN6oiT2d7qxYEOwXwgV34
Cruel (feat. ZAYN),0B2RttXEiyXsMeQ7mMP3EI
Alone (feat. Anjulie & Jeffrey Jey) - Club Mix,4PclDQ2lYPmIuhj4G3swK1
Too Much To Ask,39jXnbACjiaiTwwhsr5sY5
Complicated,0jllH0usRFD4LJkJnGK9Lf
Cheyenne,0TnPg46VRTexYh67adoOMO
fall for you,3odrUVQ9tvRpkC9II2oWzx
My Couch,2icAF1cB61yD3MPnrm9cr9
San Francisco,4HlFJV71xXKIGcU3kRyttv
We Don't Care,6THwtgImf1ZAR2w3iknjeS
Can We Pretend (feat. Cash Cash),3O0e0LHTpza0rYVDbZfQ4r
On Your Mind,7eBqSVxrzQZtK2mmgRG6lC
"Khalifa (From ""Lekar Hum Deewana Dil"")",3CqoLE1NIm6fTc4kNncAnE
Stuck,4HBZA5flZLE435QTztThqH
LONDON LIGHTS,4QVdnpSO5JGMFOEl6ys4RQ
No Drama,67WMyaBOp5pwWeBXLIJ0ra
All For Love - Luca Schreiner Remix,6dzyIO2KpLofsypXbLGOWw
Truth or Dare,7kEtK6sglOUviCL2bfz0xD
Fun,32OlwWuMpZ6b0aN2RZOeMS
Alone (Feat. Big Sean & Stefflon Don),3tbNT2X5tfMIVeUflYbZUZ
Big Mistake,70yhaHLp9STtzI2Kzba6Tr
Afeemi - Flute Version (Instrumental),0taIkfgQf1zYYZzNEjKonn
Gravity,5iflfzsLm8GwB8nXeglqbQ
Been There Done That (feat. Tove Styrke),0m0hFyrAqGKaVJ7D24Jozg
I Don't Miss You,2J3SR4n0YiQYCsghgeqZcB
Starting Over,15jMztFtJ1mFFJ11SZvHHZ
Sixteen - Don Diablo Remix,3jwQwGVERUXo7eaAgL1xAo
Old Town Road - Remix,2YpeDb67231RjR0MgVLzsG
Enemies,0Xek5rqai2jcOWCYWJfVCF
Power,4cbdPT6uaBOgOQe3fLMofl
Too Much,39jXnbACjiaiTwwhsr5sY5
Thunder,1zB4vmk8tFRmM9UULNzbLB
Only Want You (Martin Jensen Remix),1dLDPlyQVwBTPPF1jC5pK6
On The Floor,3C0nOe05EIt1390bVABLyN
Getaway - VIP Mix,2wPM8UFMSYLf9LruEc39Zl
Best Part (feat. H.E.R.),1RMJOxR6GRPsBHL8qeC2ux
Not Going Home,6jdOi5U5LBzQrc4c1VT983
all the way,61QSuw5VlC0LTS8WMO356g
Heaven (feat. Veronica),5ql2mP9FUhB3SgMzv2akuO
Don’t Give Up On Me,0fiijtFXDJ9MOVwgSaEQJ5
ROYALTY,3N1McBmL4FxqiHSfKAB413
Talk with Your Body,7yPcAO4F6ozQi6lTi3n3Ai
My My My!,4n7jnSxVLd8QioibtTDBDq
Hold On Tight - Midnight Kids Remix,5UfdaSCFLW9TvAyViK7LQV
The Hook Up Song,1bLNqR3bqpyWkwWKECjVrw
Mi Gente (feat. Beyoncé),1DoK3CdipMjplLk5LXUdcp
I Tones and I Dance Monkey,2XU0oxnq2qxCpomAAuJY8K
"Hold On, We're Going Home",6jdOi5U5LBzQrc4c1VT983
How Do You Sleep?,6b2RcmUt1g9N9mQ3CbjX2Y
Bloom,1PSBzsahR2AKwLJgx8ehBj
Sex,4NhDYoQTYCdWHTvlbGVgwo
Back It Up (feat. Jennifer Lopez & Pitbull) - Video Version,6Y0mJNAcx8CDBOhSy6icFP
Acid Dreams,3XEdqQtGHAM5huMrs3RaKN
Monaco,3GQnWBLRh9GiaP34RlbTbK
Dear Future Husband,3cU2wBxuV6nFiuf6PJZNlC
WUNNA,3nS9a01VvXHQriLqJYwRqG
Do Lado de Cá,0wWQAzhH0WrrimLpNF1HZW
Grande,4HBZA5flZLE435QTztThqH
Myself,5YLHLxoZsodDWjqSgjhBf3
Instagram - R3HAB Remix,2UdCIrsZR9bw96kcLAyAyh
Hands,2cOUlop2ZakjOKe4WinesN
Permission,7DvQTs0DsiKL9KAGafSayU
No Go,7eOkHIcaoUhngxxypM5Ajr
Who Do You Love - R3HAB Remix,5QkVPG2Hf3MmAarireF6lh
What Are We Waiting For (feat. Ellise),7BUjnisMmZJQP30tLA25DD
Underwater,7tIFeLQFS7A6DLcZ12Mv3U
Bills,52PSuaOfC1fsipc7ayuUQw
I Did Something Bad,4svZDCRz4cJoneBpjpx8DJ
Sell Out,0e9yz3Fz7Nn6I5E4XBP8no
August,6K6etxmlu4Y7J3dR77MK3N
Get Wet - Radio Edit by Fly Records,3JfWag2CDEnst8uzV6nxvT
LOVE SCENARIO,6qAzAmPBUpGrk7XADZHR5k
Wait For You (feat. Maia Wright),5Gv1lrNFnL3DhiMj3JOGaX
WILD,3fVnlF4pGqWI9flVENcT28
Lose Control - ChildsPlay & Badd Dimes Remix,44Fy9nmj1bBh42WviVea0m
Just Like Me (feat. T.I.),6Gm1DPTZmMEB8U1db5oVyh
Grow A Pear,2ISUiwj8xXqHeUFcen0AIU
Body Like A Back Road,7mldq42yDuxiUNn08nvzHO
New,2ekn2ttSfGqwhhate0LSR0
How Can I Forget,6TK8v3cAfA1XCy6nZ1JOMe
Nordlicht,5vG1FZlzqZYKBZRJ4dUr6x
REMEDY,4UKCKdYiLN6IMA5ZESUTL7
Distance,15czHLdg2X2XbtSNxXIo09
The Way I Are (Dance with Somebody) [feat. Lil Wayne],6S51b2BoH1mlkAMLgiiwBW
Don't Leave,3zIG0WuI5RoJsFYnErkFDU
We R Who We R,3LUWWox8YYykohBbHUrrxd
Wolf,0YeLqMwKztVZ1MIZ4oYW4e
Day Or Night,2Y3P9IFAeNGH9qTZDp9N6W
Romantic - NOTD Remix,7e6FvCvngX5job1PUYIIIL
What Do We Do (feat. Alex Aiono),4SPsdBElXi8Tt3Xsz4J8VT
Be My Mistake,18UsAG7SfOQ5sxJEdjAMH0
Shower,3DmW6y7wTEYHJZlLo1r6XJ
Yacht (K) [feat. Sik-K],4O6aJs7sGvhcnMVOwCHC45
Paper Love,4y5bvROuBDPr5fuwXbIBZR
"Girls (feat. Charli XCX, Cardi B & Bebe Rexha)",3IkzQMYdl2FcaKatZv83ke
Pull Up,2enuUNOuQe22b6LB31bimX
Sorry,09CtPGIpYB4BrO8qb1RGsF
Eyes Shut,2PHs56VkoxS8gGcYgZ5eV9
Roman Holiday,6s8PRmROPJHlqZmu9Bbviz
Rock Bottom,2qxaR31Te4xDR2yO6LqM8z
High Rated Gabru,4dJWik0ax9bRFXl0HqbFjT
Wanted,3ZCTVFBt2Brf31RLEnCkWJ
Todo (feat. OMI & Jacob Forever) - Poso Se Thelo,5Beu1WSKDJrWADP826a54J
These Are The Times (feat. JRM),5YN0zHycJ0Yxz31A5QsVov
Step Ahead,7vw9QSrlrqvdGLAyLSs3EY
shut up,7m97u5zpSWqkDjN4uwY2LP
Blow,18GiV1BaXzPVYpp9rmOg0E
Out Of Love,4WzhjxvLP95y7AMDy0Atwb
Yaad Piya Ki Aane Lagi,0TkquWzzuxcrwbCWlTrKYF
Alive - Acoustic Version,1t5bRxpLlhmTbjHyfjKdlT
A Guy with a Girl,5sjIhQzNljMVrDklI91ezp
Sucker for You,5H9H0i7UCmRDCZRHldbmhN
Just a Little Longer,74d9QhneUCIUvO00ev5kyX
Piece Of Your Heart - Alok Remix,6iW38RGqdDGOofmz2HeXLW
Poison,5t9w5O8sLvbB7hwfyzNXi5
ME! (feat. Brendon Urie of Panic! At The Disco),2Rk4JlNc2TPmZe2af99d45
Malibu,0Eqg0CQ7bK3RQIMPw1A7pl
Haaye Oye (feat. Ash King),0oukMLKedsqQ3ltnI2daRO
Monsters,0hP4gyXuCEA0253P8LnXfw
Unknown Track,4kAIL78sPF4Rh7lmZUz5hB
Never Forget You,6hmhG1b4LEyNuashVvuIAo
Mi Mi Mi - Radio Edit,4llK75pXNWZz6KAho2Gp16
Ik Kahani,4dd9gI8s5V4D3VjMK6L8a3
Solo Dance,10AsRVRdU07cMAFHeGYO3c
Сломана,5JxLTujYvge0kROrxHjUuf
(Don't Fight It) Feel It - AronChupa Edit [La Vida Nuestra Soundtrack],45EGyXrLv4c63yjiaWMAid
Sad Song (feat. TINI),2JoIjuzRplpYGvvLpSW2on
Talk Dirty (feat. 2 Chainz),5l3CML2OnzfNs5RfVgbcLt
Happier - Stripped,2FkQbpFk34QN97I3OHmfaA
Good In Goodbye,1GVF9369j7InydwGztCDIZ
Never (feat. OMI),1vJcmqWQtXu9OnvIthO9HQ
Higher Love,6oJ6le65B3SEqPwMRNXWjY
Притяженья больше нет,7ndeZPziJewaHeCC4hyEuq
This Is How We Party (with Icona Pop),02rbSCTm2smTIZ6d8im2NP
Tsunami,1yvIm4msdKqkZvdTb6mryt
Good Thing (with Kehlani),5aUSEPNd3m5xliFK4pn5mU
The Greatest,7xHWNBFm6ObGEQPaUxHuKO
Nightwhisper,3SYO8wU4bEgIYt7AeGRIwG
Takeaway (feat. Lennon Stella),
Stereo Hearts (feat. Adam Levine),0qOnSQQF0yzuPWsXrQ9paz
Summer of '69 (acoustic),5ZGKkwX6Bl4VmwMNz75ojb
Dilnawaz,2KDR0VRWbQ88LQ1cdi8T3z
Don’t Call Me Angel (Charlie’s Angels) (with Miley Cyrus & Lana Del Rey),6zegtH6XXd2PDPLvy1Y0n2
Zehnaseeb,3xF15SqY32Mno3UUMBirhU
Bubblegum (feat. Tyga),1EujTZPE2yBYbbwu2vWXvr
Fiz Esse Som Pra Você - Ralk Remix,08E0nvXBTp8ayyOaXwEtue
Just Imagine It,0mtmrbRFsectINNpHdDkUQ
Sick Boy,4NBTZtAt1F13VvlSKe6KTl
Uncomplicated,4DYiIElELrQ8g07d5SPDQN
Boy Bye,6e7hIhOLH9zvb3zP5O5gt0
Numb,2nLtzopw4rPReszdYBJU6h
Higher Ground (feat. John Martin),0rohJsT6NWsThpukt0Xxdc
All This Time,3zGpHUsSZ0xLRdDlbWbv5G
Slow Dancing in a Burning Room,2jdAk8ATWIL3dwT47XpRfu
Troublemaker (feat. Flo Rida),3raIDwS1IWxjBq48cE4E8h
In Your Arms (with X Ambassadors),70YPzqSEwJvAIQ6nMs1cjY
My Best Life (feat. Mike Waters),5kldIyD365H9iq8Cz1Jb5F
Lost Within,4ruvnIlUX6mOyum1himQQW
Without You,6Pgkp4qUoTmJIPn7ReaGxL
If I Had You,3ag2tvnW6j0uTlReDfsUlb
Part Of Me,5ug4vqGZ3eisGhY1IsziNX
Lost in Love (feat. Jake Miller),2Ja92YrTrjKGcH7Oo3pi7F
So Close,7FjZU7XFs7P9jHI9Z0yRhK
You're Beautiful,0vg4WnUWvze6pBOJDTq99k
hate u love u,6ATgDc6e4sPn84hvJsAmPt
As You Need,4uLU6hMCjMI75M1A2tKUQC
Heaven In Hiding,2zRiYzBzeabQQ16BK3c6jk
Raat Bhar,3ctaMit7CuiHIPVYrRvm15
She Will Be Loved,6Q64QawnGR7LuDaQIv05hk
Radio Silence - King Arthur Remix,2dOzjjJNYi4fdIXuWtXbsE
Channa Mereya,0H2iJVgorRR0ZFgRqGUjUM
Polaroid,49COPp81lGS9Hl9OwKlsKl
Waste It On Me (feat. BTS),2FWyJIT0gL2G3xWVQ9Id5f
Bones (feat. OneRepublic),1pfgsjmxVZhoZpeDx6POKv
Need U,7dlNGfd6Fq8xcFb4K6Glws
"Ik Vaari Aa (From ""Raabta"")",5sul5AkWmzi2fE70oS7mK9
Walking (feat. Swae Lee & Major Lazer),1qbXrxctv75pm1lWCn6Zw3
Boss Bitch,78qd8dvwea0Gosb6Fe6j3k
"fuck, i'm lonely (with Anne-Marie) - from “13 Reasons Why: Season 3”",
Without Me (with Juice WRLD),6Zc5f20q7sOe1IC1c1jQvZ
Hey Brother,5EbcmHNH1pQAz1FfKzyzeo
Opa,4areFtLMjGt4GmO4IAbGo0
Broken Glass,78ldtCaBRJVp2i91B715L0
O.D.D.,3lWzVNe1yFZlkeBBzUuZYu
Alien,0RUTnY2B3s05fZuCHsNaUP
Don't Kill My High,09yhMTRqQ1I1dniu3PoIQi
Good as Hell,6IRdLKIyS4p7XNiP8r6rsx
Hot2Touch,5BjRuMM4c2C05U34nc2Qqf
Phone Down (feat. Emily Warren),5bvNpG6wiIEf1PA13TkTu2
High On Life (feat. Bonn),
Llama In My Living Room,5OYUtKjALXnNjXRwTVStCK
Let It Be Me,7nORGrTd2dDP38JC0YfZ4W
My Youth,3MkYUoEo1Yk1peHN4cof0c
Try Again (feat. A7S),745LUoE5rQZ51Tz4WnBoNp
Start It Over (feat. CVBZ & Shy Martin),7pnKWdgCxALV6FiGCsKYk2
Velvet Sheets,02CLnOe5IdSZKKS1oxWeRZ
Spotlight,6VrCmhRBFnuGKmtNfk4jDs
Seasons,3YFBT7K58eMzMSoVYGVsx1
Nobody,2qfEcCkEo5NscA9GL7ER72
Selfish,4PV0uE5pZSh44E3NqNNDEH
Sweat On Me,28jVyHbondZd7dQrZVIk5l
Kiss the Sun,26ca93f9sV98fW4EzveGED
I Can’t Be Me,3QlHuITN1oEBmRnOj4F35M
Fade Out,20XjdVfh6kFATmgm7T0C5r
"Maahi Ve Unplugged (From ""T-Series Acoustics"")",3xHlKe8VFMbstfK3OWGg87
If I Can't Have You - Gryffin Remix,1IXGILkPm0tOCNeq00kCPa
12 Step Plan,6wg6aMRvPkGavJI25nJwuj
Sunshine,1Qt0OGUUPibpmk1FpFQ43m
Misery,557idQwt2bQnRz9CI0zguR
Rather Be Alone,3Fz5cCQYvp5kCSt43zcvI2
The End,2kJwzbxV2ppxnQoYw4GLBZ
Fade Away,6aPDvttLmezuUlv60ExTH9
"Let's Celebrate (From ""Tevar"")",3H9ARC0jIS0mty84a43X37
Mirza (Tota Myna),32T1M0MQCCfztDQFcp29WW
"Give Me Everything (feat. Ne-Yo, Afrojack & Nayer)",4QNpBfC0zvjKqPJcyqBy9W
Sing It With Me,60DwQiwwglVkTkTwDTTEId
Headlights,222dTwr5XeEgAzEtsrQA0R
Let Me Love You & Come and See Me,3cQ55SMu7QxiviUpjPSOH0
Jump (with Trippie Redd),2OvV4NjEBRE9v8Oo7QeUCq
"Let Me Go (with Alesso, Florida Georgia Line & watt)",5Gu0PDLN4YJeW75PpBSg9p
Dark,6SRWhUJcD2YKahCwHavz3X
Love Me Again (with Jess Glynne) - Zac Samuel Remix,1r1qeSfQWLFnw69uWESesR
Trumpets,6jizk5lOUnfpaZXYMdfeC6
If You Were Mine,3szbYyYgEBehQG7q0kv5qb
When The Trust Is Gone,2o5YGtQIjpPpe2Gzk2n0WR
Radhe Radhe,1HbmeBqRlEk54KK8gxQqbZ
Yaara Teri Yaari,5DUDLaokWUsRbU8XLuQM2y
Pink,3Dv1eDb0MEgF93GpLXlucZ
Midnight Sun (With Ukiyo),6DGSMdJtEmxzu8JKjb62xI
No Sleep (feat. Bonn),1ahVFh0ViDZr8LvkEVlq3B
Only Want You (feat. 6LACK),141GF8v6LtVCyFXN1R9I0F
...Ready For It?,2yLa0QULdQr0qAIvVwN6B5
"Ocean Love (From ""Royal Crush Season 2"")",07si8fzpjvW0CVT3Ok5TD7
More,3omvXShuRPM3zbDpWYqf5g
Nobody Compares To You (feat. Katie Pearlman),17ejRbr6B8l9zdqgCZsn4m
Body,0kYaRayOkBwZhmvOgq3w2J
8 Letters,4zRZAmBQP8vhNPf9i9opXt
Too Hot,29QrzCnJ8r5aPamLBADZLx
The Middle,09IStsImFySgyp0pIQdqAc
Like It Is,3frUvGrmGcay91lvFbOgsN
Parties,5H6nXyj9zdoUFJmOIyAXRt
Moves Like Jagger,3TahdwXB4gJRWVAI00Ejqa
Leave The World Behind - Radio Edit,25ZEYUgCJyf3gRxkqYbkIc
Sue Me,3WVhkjB7Y4xFruqoCAajBb
Leave,3zIG0WuI5RoJsFYnErkFDU
Middle Finger,0IK8y0vAO0sM630HsxwLht
Woman Like Me (feat. Nicki Minaj),222B3aljXx6fFwKmFjuBED
The Wave,1CPUilWsYY4I5nzXuTN8Gj
What Lovers Do (feat. SZA),0GxQ1A5L9xnMOytbP6eKBG
Remember (feat. Ty Dolla $ign),0apCIaqGTn0zJ2Xiwh8Ftg
With You - Frank Walker Remix,06Z7Hy2LUzbcSFmWzwkun1
"Poster Lagwa Do (From ""Luka Chuppi"")",5G1H1Im43gBwssOH8XlnNU
Make No Sense,6klLvorLoo1sxvZcjJIY8I
Down In Flames,4OGj4cwoDvyMOPZa2mnaiB
Whenever (feat. Conor Maynard),3DGar7krWlmrXRFHBcQF6z
Side To Side,28wuRpJ60fAKP6zc82Tt51
Yellow Lights,524dq3zKwXrP4uPL6VwoWT
Walkashame,0Jrzzjj0pVzS6xl4wonUNh
Miss You,1tF7RL54zjHSy0N2qEQLDY
Someone You Loved & Apologize,535HScqycCknp8Uwc7AUKL
Let’s SHUT UP & DANCE,2SHsNfrHj4iDOVJuDwclPd
Sixteen,4PkIDTPGedm0enzdvilLNd
betterman,2mvGl0m5Pg87PJzKzssPdi
Closer,7BKLCZ1jbUBVqRi2FVlTVw
Hooked,2N2s2s2w0jmSIPNZcm8Jnr
Better With You,3oIVK7arAFuUOCGafPLxSC
South of the Border (feat. Camila Cabello & Cardi B) - Cheat Codes Remix,19TOAlTFq0NDHvUPQR0tkr
C'est la vie,5iqrbO0fhuLMiy9tYGanv6
Happier - Frank Walker Remix,1IjuevPDJ8Sa97wFwQ5j4V
You Remind Me (feat. Stanaj),1br1KHZHkKhCcjz6sHysT5
Brave,7A7RygcHdNH0iJHgwteajF
This Is How We Do,5vL0yvddknhGj7IrBc6UTj
No One Compares To You,4cZ3UsiKd1kUQIaq4BFIj2
Young,1rfofaqEpACxVEHIZBJe6W
Kids in Love - Don Diablo Remix,2ZEqEHPOhJdkI9pCCW9pBD
Miracles,5scZhri5Ic3OUOcjj6SxEP
Tie Me Down (with Elley Duhé),4QVS8YCpK71R4FsxSMCjhP
"Pachtaoge (From ""Jaani Ve"")",5QVHNa0ppJUOoqSd36ovQS
Find You,77dwRzKegOkVtlHajKnDCb
Cuts Like A Knife,7uBxi4jHZqgWAjqLEl1KcF
Bedroom Floor,6IuVmxZtP3h5wvErFpDcVR
Side Effects,0bGLvHd0ApdT4t0shCfpzG
Graveyard,2ufmtcIFdFpuUYBPXK5f67
Truth Hurts,3HWzoMvoF3TQfYg4UPszDq
Pretty Girl,1ue7zm5TVVvmoQV8lK6K2H
Can You Feel the Love Tonight,1zSKtBze2IReYU44W0lDzd
Ridin' Solo,6OEolOOk9Gh9bqkdpfIOl0
Stay,5RqR4ZCCKJDcBLIn4sih9l
Scooby Doo Theme Song,0g8MfCzZoj5nprV25TbPax
Show You Who I Am,01wjBANwsQob6Wtprbm44b
"Odhani (From ""Made in China"")",2q0V50aNlI1RQXJyE5HDgD
"Kyun Dil Mera - From ""Paharganj""",2GlZQur8CHidODl6OgMO3z
Lucky Strike,4RoArPM0AsuW3h8hW8xtnr
Told You So,1uIwVtzdG5tZT32O9wdXk9
Black Magic,5y6pj7OeBFF0CVgZKhRbOG
Love Mashup 2019,2nCKF3gkwHCamm3f0jNaJd
Say You Won't Let Go,5uCax9HTNlzGybIStD3vDh
Naturally,4nAsykHmK2N7clWhaxNKlg
This Is Real (ft. Ella Henderson),1pRShUtGOG6ZP5fsnw9G4h
"Tera Yaar Hoon Main (From ""Sonu Ke Titu Ki Sweety"")",1aIhAX6324JZmhNnGltwkK
Castle,6PCUP3dWmTjcTtXY02oFdT
I Like Me Better,2P91MQbaiQOfbiz9VqhqKQ
Close To Me (with Diplo) (feat. Swae Lee) - Felix Cartal Remix,5mYNWSc1AE7pWS3Ax4e8Dl
Better Anyway,0pMUR7Uvp6vxlbG0qBFvgM
Shy,2TbCdbFzs2xO2nzasn0Qvw
Moh Moh Ke Dhaage (Male),189DQylImZ1hGZaIpAQUzx
Tears In Heaven,612VcBshQcy4mpB2utGc3H
Let The Music Take Control,2ItO4ZVCtwEHuLL6ygajGM
Speechless (feat. Tori Kelly),7nsOsdlqa9Srr1LBYyd9pC
Lost In Japan - Remix,575NJxNUVDqwJGdzBrlLbv
Unbelievable,1LHfEkVMR0Yj20C8lWdgpA
Mamacita (feat. Farruko),7iwhbx1YQcQ675DTj6AmAb
Lordly (feat. Alex Aiono),6c12fBpCtuVIq8OFxT0A3S
Nindiya,2GwCdwsGJbrl6xn6eNBwrK
Roses (feat. ROZES),3vv9phIu6Y1vX3jcqaGz5Z
Scared to Be Lonely,3ebXMykcMXOcLeJ9xZ17XH
Remind Me to Forget,5sIx4BlfYGuZeSLF40N9GH
We Can Get High (with Yellow Claw),3csdDTfByXZQhOYlCHQJRp
Ritual,3M9Apu4OZfylLTFKvgEtKa
Rain,24ySl2hOPGCDcxBxFIqWBu
Don't Wanna Know (feat. Kendrick Lamar),5o3GnrcFtvkdf3zFznuSbA
Sleazy,5YLWZYFV2GMaKfr91sZvZg
Don’t Need Your Love,7oEm5Q1virEUB9H0XjWZzF
Akh Lad Jaave,554Jv8PaaIVAwOOpoJ4YCm
Something Like (feat. Jermaine Fleur),7DPwiCg4kj4P8EJmWYaIhc
Kaun Nachdi,7r8QeC6Uy3AbIXqH7W9y0K
We Can't Stop,2y4lAQpi5VTNLu2ldeTdUH
Don't Mind,06KyNuuMOX1ROXRhj787tj
Think About You - Galantis Remix,4fC6tDEFmSBBCRBUOPeQ8b
Over It,3e4tHEcyzEtngkCw8ZBSMS
Sledgehammer,4rUTAkOU7OkVGeQuyQCHhF
Come My Way,2Dsk7tdA833NKFC20IZJ8O
Ending Scene,06EMBzxDm2hueehobAlMtm
Losing It Over You (feat. Ayme),6TfbZ9vy5zqBEDLmqwH9sp
Hola Señorita - Robin Schulz Remix,44ETcHYUz11q8QbqcgSwL6
Endless,1kf0vzZWFKFNFmHygbcBrM
On A Prayer (feat. SHY Martin),3kc9fFPBuP9DX9YCv0Gi0e
Roti,2NSspbDpOyCcEC54E9HQDg
NIKES,19YKaevk2bce4odJkP5L22
Instagram,0U6bQIAh6MCGo1xjbIIx2S
About Love - From The Netflix Film “To All The Boys: P.S. I Still Love You”,4XII12nbsvJblXfG1I2QR4
Proper Patola,39ujbBjTwwqUFySaCYDMMT
Creep,6b2oQwSGFkzsMtQruIWm2p
Your Side Of The Bed (feat. Eric Nam),3dz63QjQVZy7RYPzx6l3JU
Paranoid,3fpVWegR6YOS1Yk5HSMYIq
The Same Way,2I2yw1jXVtcbiRLYuuu52u
Tere Jaane Se,6smPjrA4Hf7J3kFe9afb1E
Don’t Doubt ur Vibe,6GGODyP2LIdbxIfYxy5UbN
Waiting For Love,2P4OICZRVAQcYAV2JReRfj
Senses (feat. Lostboycrow),4zRjP3zExAAulEbTs0R4oc
"Tum Hi Ho Bandhu (From ""Cocktail"")",4pE05HNzmVFGpCOfNKE3w6
Starving,4Ce37cRWvM1vIGGynKcs22
Wine Slow,5jz145Zwo1I3tZ3g018AEX
Turn Back Time,4KnnWpUyPfQD6X5SQSTlH3
The Truth,4d5nIJDm92XcbBHVXxjpWI
Lonely Together (feat. Rita Ora),2OALaHcDdKkjYEpAr0Qzab
Sober Again,7D4xV0aaK5fsn0Zh2o96ql
Tempted to Touch,1raJLuHKTmc3au4fC2pmRm
Outside (feat. Ellie Goulding),7MmG8p0F9N3C4AXdK6o6Eb
Who Do You Love,2fVHrSxsQbJUuj9MW9zG1e
Something Just Like This,6RUKPb4LETWmmr3iAEQktW
Red Eagle,4QCKZtXp4l5NyelhtbOUjC
Used to Be,7FjKU2mfpEpvKIbx8naZRk
Wild,3fVnlF4pGqWI9flVENcT28
Post Malone (feat. RANI) - GATTÜSO Remix,6b1RNvAcJjQH73eZO4BLAB
Summer on You,07ipXN6CNTw34qwSYePKpg
Beautiful Now,2ISSQPb9LHHiV6ng2NXosL
Layla,2kkvB3RNRzwjFdGhaUA0tz
Love Myself,4eVkn18rN4GguUWOsR6Use
Forget to Forget,5sIx4BlfYGuZeSLF40N9GH
Между нами любовь,5Lb4G5zA7riNfMFzCzJXg9
Fade Out - Dark Heart Remix,1ANB7KIo9flhA9r81XNkhw
Control,7CHi4DtfK4heMlQaudCuHK
Tack,6tychoyxfxwMzKh997Diq6
Hello - Slow Version,5et2frO64HtoelTdyLgmRK
Where Am I At,6QMgSasUZYyVzaAvc7BYLZ
I Wanna Go Outside,7KFthihP7F2Ml7su6NoAny
She Move It Like,39vrbjCMTRXEdiIr2IsBgd
Lonely (with Jonas Brothers),6eXFl418w8hsxKcLgv1jwJ
My House,6Knv6wdA0luoMUuuoYi2i1
Party For One,7KW3XQV5Or5CF57MYVj5h4
Hoodie,4jmrV7vptOg4ohTGAu9SIz
Romantic Mashup 2(Remix By Dj Chetas),42WGQxg2lPIFBt8ZRHQ4Q4
DRAMARAMA,1BSncOsSJPQkpl29QM0ipj
Cheerleader,7vFoFDWqTX0mHzLfrF1Cfy
Paradise,0Rx0DJI556Ix5gBny6EWmn
Confident,3JsydWaf2Ev4ehaLUjj3SY
Daryaa - Unplugged,4b7d4Ff1JiWIWG6ho1qgmp
The Whistle Song - Re-Directed,6wD0LWjn3WZMdLqatEc5vM
All I Wanna Do,2c37Gkpu75l3kvh1FUZrHV
My Love,6295beejLe1vO2fQYXdmgh
No Way No (En Vivo) (feat. MAGIC!),1XTL4lvBVWxcbtR9hWhS6q
Do Or Die,4ibYl4U7Ix076zx81cO8YY
Year 3000,4zP7ADsgJgHGY6VzxbNp1z
Feel Good,3s3J70eRpRH2hcYq4mEXTJ
Favela,1K7WzjKDcDdVbKNGrB0gej
OMG (with Carly Rae Jepsen),2j9YmQRxtjuVwb4XN95oT8
Thinking About You,2n84hx6obm9bv4aTHJeOIp
Perfect Strangers,3P3pw6C19j31Rnzgo3JG7o
Heatwave (feat. Akon),2KMJ5CoxY4ECG9TZyNWmpv
Bad Blood,0TvQLMecTE8utzoNmvXRbK
Everyday,4EAV2cKiqKP5UPZmY6dejk
Happier,2dpaYNEQHiRxtZbfNsse99
Looking at Me,59tskctgqUmjCWAwhzYAFm
Young God (Acoustic) [feat. Lovelle],0mQhrGlPgwWPscwMfC6WfI
Yellow,2W4yABdLc4Jnds67Poi5Nl
Us,72C7aUQECOhNtnD0AC36ua
Promises (with Sam Smith),5N5k9nd479b1xpDZ4usjrg
You Deserve Better - Andrelli Remix,0JumfyG7GUshFjxouEXwhw
All We Know (feat. Phoebe Ryan),2rizacJSyD9S1IQUxUxnsK
Komodo (Hard Nights) - FSDW Remix,13p25R3V9A2v2nJnLwNKS8
Broken Arrows,260jSxvzkFt71ksvkcy2ke
Rude - Zedd Remix,6rmtT7Y8cH7NpvovoPiV6k
Perfect Strangers - Acoustic,1UToeULiroxGaVUHyAb7J2
Miracles (feat. Tina Stachowiak),1tE9no1NyExKy7NCsg9ucW
Silence,7vGuf3Y35N4wmASOKLUVVU
Want You Back,38nKfxyRrjYfx0ODX1W5yB
You and Me,2afCBiru10AFckfOa49wIa
Jackie Chan,4kWO6O1BUXcZmaxitpVUwp
Wish I Never Met You,6Wrx0ZDaB3dxBDl1ZnddXT
HERO,5bdX7jiXtSbHX35pgxJo8p
Live Forever (With Cheat Codes),3aQGknD9CVAtpQFh6Qtalq
Drunk Enough to Say That I Love You,6TJopB7B3ho7mr1Qm5X7Hf
Better With You - Kastra & twoDB Remix,6Sw0DXMinATz4FTYaO9MxS
Lamberghini,7cFuzwgbtHXmSKuCzo0qCW
Doesn't Get Better,0aEL9aklx1vkF6WWD1I3Dw
"Read All About It, Pt. III",2eMGnjkOcyw0g8qZ84BE6j
White Roses,7rMm0K2FJbgk0R1IuoY5zz
You Don't Know Me,6AWwsLDt1o6YPnThbqiV6b
Sooha Saaha,54dHaY92XZ47ltrZqZulGt
Laung Gawacha,63LTVXh5TujgeB202CbqGa
No Judgement,5IUOU5xkzGHsRFOYNu3GSK
Only You (with Little Mix),54l9GJGQ1UCFKe2tzt1Vxt
Dance To This (feat. Ariana Grande),2NjO87HyT80fsgejd3PLYW
Jealous - Remix,5NQJnRpJHRaupdegphntQT
Baby Doll,0QjiywAse0jM8QgPvtJrpC
Nobody’s Girl,0TBNg82Zqi0k1VslEe2ooq
Chhote Chhote Peg,3AQrBSjowqCFu2jiFFuGsv
Lifetime,0UJRDG417vbou3SOhKWGxH
As Long As You Love Me,0pwYLVXVknPSGUQb39cePC
All Night,1mpD5Q8IM32I4bF6eCpU74
Name on it,6lBTpWSk7BnMhxY9JEBrw4
Alejandro,41UyjMU7Z7c5pBf5AHIdXI
Give Me Your Hand (Best Song Ever),38pnSnvIxe1MhQlFVdZFBW
Babylon,5DttNeiizFqWUON9hZBqTY
Play It Cool,1gdLUGdyYpXcckmzP1rTUm
Issues,0xG0SHshCStMEyNbNC5d4k
Look After You,5l6hpyTGBK0LAAxgPnqTQL
Hitchhiker - Bergs Remix,590OeVL7UjZBefCnyMCWHS
Sohneya (Tota Myna),4UHQmzkFIn9lJ0ZoFK6OUk
Beige,0FfZudphGgQTGeEV6AhmOs
Lean On,1Lim1Py7xBgbAkAys3AGAG
Chogada (Unplugged),4udV7FMBt9Ndu6zoXmXqXZ
One Dance/Hasta El Amanecer - Mashup,6WS2Wb3H4gXTvJ0ntagxqu
Synchronize - Acoustic,5314v8WqYO67WQkrH8q7SX
No Good For You,5lOK3NCvbvgK6cohyTTQ4Z
Her,5icOoE6VgqFKohjWWNp0Ac
Que Calor (feat. J Balvin & El Alfa),1RKZvaLj3UPhGjZkaIrFm7
On A Day Like Today,7p9dd71JR2ucoAuO1Sy0VZ
Unforgettable,3B54sVLJ402zGa6Xm4YGNe
Feeling So Good,3DEXQeVLM3BacRdrirHRXx
Wiggle (feat. Snoop Dogg),4B4zDmbHdkXZ1wUJv1yKFy
Motions,2mSrVZsSKn2Ye5f0YuAbMh
All Night Long,7rRMmhC027ixjjXzuZYoMv
Pehli Dafa,4Tkb7zsDmsawB7S5TpKQV1
Savannah,61lDxV5pn2UdumqMpdxCKG
Trust Fund Baby,54j7EaJPDmSZYcNYvLSJ78
Maaserati,7lP1ypGZxlNgsZzjkBG7ij
All The Lies,6PqUdUGS4h5aGY7YyEGXr8
Avalanche,7tqA9XeIDo4VEMaqKqs28g
New Rules,2ekn2ttSfGqwhhate0LSR0
Trigger,0Z26mbSHJ1dkUu7g9DDgif
Hurts So Good,46ydq5g3k17iLJs3qMDvO6
Kar Gayi Chull,3fPgIknlkDWXs1l2noKZbp
Would You Mind,4vlL7HTI5eVGBYOb1w7Goi
Could This Be Love,5OHwyr1icA3MYqRMiSKAMu
Intentions,4umIPjkehX1r7uhmGvXiSV
Younger,4D7ERaKgv8NAeck8RzUtRz
Stitches,3zkWCteF82vJwv0hRLba76
"Nain Na Jodeen (From ""Badhaai Ho"")",5AaCukrV7YZ8P1kRdslBlp
Roses - Imanbek Remix,24Yi9hE78yPEbZ4kxyoXAI
Gotta Go,4wNIkl5XGiAACjFBlDWuSd
